Tail,Count,Flights,IcaoCode,ModeS,Model,Month,Notes,Placeholder,SerialNumber,Year
N315AS,1,AS21 (https://www.notion.so/AS21-278d0976205d814a8ecadf4d40edcbe3?pvs=21),B739,,,0,,No,,0
N305AS,1,AS22 (https://www.notion.so/AS22-278d0976205d8111b105dbb3ccb526da?pvs=21),B739,,,0,,No,,0
D-AKNU,1,4U9961 (https://www.notion.so/4U9961-278d0976205d8134a2ccc0fb669ecd09?pvs=21),A319,,,0,,No,,0
D-ACNC,1,LH63 (https://www.notion.so/LH63-278d0976205d814cab7ec3d12f8ac75d?pvs=21),CRJ9,,,0,,No,,0
D-AIZM,1,LH1653 (https://www.notion.so/LH1653-278d0976205d816cbc0be5d600ecce18?pvs=21),A320,,,0,,No,,0
D-AILX,1,LH2138 (https://www.notion.so/LH2138-278d0976205d810a8f4fe8712fa4567c?pvs=21),A319,,,0,,No,,0
OK-GFS,1,OK526 (https://www.notion.so/OK526-278d0976205d813fa66fd177f0e9bda2?pvs=21),AT75,,,0,,No,,0
9V-SKL,1,SQ26 (https://www.notion.so/SQ26-278d0976205d81d7b379f2014eb98ef0?pvs=21),A388,76CD6C,Airbus A380-841,7,Out of service,No,058,2010
N894NN,2,"AA1624 (https://www.notion.so/AA1624-278d0976205d814b9b6af674666cedc6?pvs=21), AA131 (https://www.notion.so/AA131-278d0976205d81b4ad9cf5d310d066f5?pvs=21)",B738,,Boeing 737-823,5,,No,,2012
N802AN,2,"AA91 (https://www.notion.so/AA91-278d0976205d8112a07ed154c9f4b2ad?pvs=21), AA2225 (https://www.notion.so/AA2225-278d0976205d8124a023de88b915823d?pvs=21)",B788,,Boeing 787-8 Dreamliner,2,GEnx-1B engines,No,,2015
N927UW,1,AA1926 (https://www.notion.so/AA1926-278d0976205d81b9bfb7e31689ce9c6c?pvs=21),A321,,,0,,No,,0
N914AN,1,AA317 (https://www.notion.so/AA317-278d0976205d8108b39cc3c8761f6c7b?pvs=21),B738,,,0,,No,,0
N853NN,1,AA40 (https://www.notion.so/AA40-278d0976205d81408cdcd15288a55757?pvs=21),B738,,,0,,No,,0
N979NN,2,"AA2387 (https://www.notion.so/AA2387-278d0976205d815a8641d666190df931?pvs=21), AA1503 (https://www.notion.so/AA1503-278d0976205d8174b4baeef1e19a8d45?pvs=21)",B738,,Boeing 737-823,9,,No,,2015
N932AN,1,AA365 (https://www.notion.so/AA365-278d0976205d8118a2d6df2cb9f1c2ef?pvs=21),B738,,,0,,No,,0
N875NN,1,AA359 (https://www.notion.so/AA359-278d0976205d81dca809deefb5c4bec8?pvs=21),B738,,,0,,No,,0
D-ABXA,1,AB7421 (https://www.notion.so/AB7421-278d0976205d8194b2e2cbf33fcff3e5?pvs=21),A332,,,0,,No,,0
D-ABZJ,1,AB8705 (https://www.notion.so/AB8705-278d0976205d81ce8c42ea8ec250528b?pvs=21),A320,,,0,,No,,0
D-ABZB,1,AB8704 (https://www.notion.so/AB8704-278d0976205d8197a161dab3f5899bca?pvs=21),A320,,,0,,No,,0
D-ALPJ,1,AB7420 (https://www.notion.so/AB7420-278d0976205d81d7b6d1de8d419ba585?pvs=21),A332,,,0,,No,,0
N163AA,2,"AA2518 (https://www.notion.so/AA2518-278d0976205d81379421e9bf61618388?pvs=21), AA1294 (https://www.notion.so/AA1294-278d0976205d816a8722c11805f9d9cb?pvs=21)",A321,,Airbus A321-231,5,,No,,2016
N774AN,1,AA281 (https://www.notion.so/AA281-278d0976205d818a8482d81d30499538?pvs=21),B772,AA77F0,Boeing 777-223(ER),4,,No,29581,1999
JA-304J,1,JL954 (https://www.notion.so/JL954-278d0976205d81f89babc0ab77b68958?pvs=21),B738,,,0,,No,,0
N804AN,1,AA154 (https://www.notion.so/AA154-278d0976205d810aa64cfe3eda1810b8?pvs=21),B788,,,0,,No,,0
N826NN,1,AA40 (https://www.notion.so/AA40-278d0976205d81c8a795d548feb8ffbe?pvs=21),B738,,,0,,No,,0
N398AN,1,AA334 (https://www.notion.so/AA334-278d0976205d8143b04dfec543478348?pvs=21),B763,,,0,,No,,0
N413YX,1,AA4704 (https://www.notion.so/AA4704-278d0976205d8125969ce939d606e1bc?pvs=21),E75L,,,0,,No,,0
N821NN,1,AA1257 (https://www.notion.so/AA1257-278d0976205d81fd870cccd07eeaf638?pvs=21),B738,,,0,,No,,0
N677AN,1,AA1287 (https://www.notion.so/AA1287-278d0976205d812c828dd2728a5f3b59?pvs=21),B752,,,0,,No,,0
N803NN,2,"AA2693 (https://www.notion.so/AA2693-278d0976205d8115b54cc18719bca9a2?pvs=21), AA2253 (https://www.notion.so/AA2253-278d0976205d811ca81cc0e57da30b1d?pvs=21)",B738,,Boeing 737-823,0,,No,,0
N676AE,1,AA3497 (https://www.notion.so/AA3497-278d0976205d8105a38bd3e75b68fb8d?pvs=21),E145,,,0,,No,,0
G-EUUT,1,BA886 (https://www.notion.so/BA886-278d0976205d8146b5c2d4ab1a144708?pvs=21),A320,,,0,,No,,0
G-ZBKH,1,BA92 (https://www.notion.so/BA92-278d0976205d81f89cfdf9fc82a7ba6a?pvs=21),B789,,,0,,No,,0
G-EUXJ,1,BA885 (https://www.notion.so/BA885-278d0976205d8129bcccf7355642d9a6?pvs=21),A321,,,0,,No,,0
G-BYGA,1,BA297 (https://www.notion.so/BA297-278d0976205d8161a8a0cf1c1745b3d4?pvs=21),B744,4006B1,Boeing 747-436,12,"Out of service, scrapped",No,28855,1998
N878NN,2,"AA2824 (https://www.notion.so/AA2824-278d0976205d8115b2d2f9eeaaa74a45?pvs=21), AA1320 (https://www.notion.so/AA1320-278d0976205d81f5b66fd8012c0f2fa7?pvs=21)",B738,,,0,,No,,0
N833NN,1,AA1404 (https://www.notion.so/AA1404-278d0976205d8186bc19c835613d78bb?pvs=21),B738,,,0,,No,,0
N959NN,1,AA2419 (https://www.notion.so/AA2419-278d0976205d81589b24c03f65e82598?pvs=21),B738,,,0,,No,,0
N919NN,1,AA2631 (https://www.notion.so/AA2631-278d0976205d819fa1b9f80536d24949?pvs=21),B738,,,0,,No,,0
N814AA,2,"AA46 (https://www.notion.so/AA46-278d0976205d816bae7dcb085c0396a0?pvs=21), AA2225 (https://www.notion.so/AA2225-278d0976205d81848e04e0b2df683465?pvs=21)",B788,,Boeing 787-8 Dreamliner,1,,No,,2016
N721AN,1,AA73 (https://www.notion.so/AA73-278d0976205d814981e2d38f063412f7?pvs=21),B77W,,,0,,No,,0
VH-EBQ,1,QF437 (https://www.notion.so/QF437-278d0976205d81da8c02d37fd24a9dfc?pvs=21),A332,,,0,,No,,0
VH-EBN,1,QF35 (https://www.notion.so/QF35-278d0976205d81b58610db2e390274cc?pvs=21),A332,,,0,,No,,0
9V-JSA,1,3K685 (https://www.notion.so/3K685-278d0976205d813fbe08e1da2224a43c?pvs=21),A320,,,0,,No,,0
JA-619J,1,JL712 (https://www.notion.so/JL712-278d0976205d819ca998e7077c0b94e0?pvs=21),B763,,,0,,No,,0
9V-JSJ,1,3K688 (https://www.notion.so/3K688-278d0976205d817caaf3d600340db94c?pvs=21),A320,,,0,,No,,0
N824AN,1,AA170 (https://www.notion.so/AA170-278d0976205d8195976bf1fdd7c6ff68?pvs=21),B789,,,0,,No,,0
N819AN,1,AA2576 (https://www.notion.so/AA2576-278d0976205d8131ba9dd5370d87329a?pvs=21),B788,,,0,,No,,0
N871NN,1,AA1085 (https://www.notion.so/AA1085-278d0976205d813f942cf7b60f3b7b4a?pvs=21),B738,,,0,,No,,0
N921NN,1,AA2626 (https://www.notion.so/AA2626-278d0976205d81daaa59ed5be054d50e?pvs=21),B738,,,0,,No,,0
N939NN,1,AA1319 (https://www.notion.so/AA1319-278d0976205d81e9bc18fc019f098dcf?pvs=21),B738,,,0,,No,,0
N399AN,1,AA65 (https://www.notion.so/AA65-278d0976205d81f28d8ddec0d4490f1c?pvs=21),B763,,,0,,No,,0
G-EUPG,1,BA714 (https://www.notion.so/BA714-278d0976205d81f997c4da14daf74ab1?pvs=21),A319,,,0,,No,,0
N920AN,1,AA2270 (https://www.notion.so/AA2270-278d0976205d81f7a2b7fb4351bcf596?pvs=21),B738,,,0,,No,,0
N937NN,1,AA2740 (https://www.notion.so/AA2740-278d0976205d81cdaa03e7a746ba1639?pvs=21),B738,,,0,,No,,0
N936NN,2,"AA2634 (https://www.notion.so/AA2634-278d0976205d81e4a8cfc57a988a9a71?pvs=21), AA1404 (https://www.notion.so/AA1404-278d0976205d81f08e0ed1bac58893e8?pvs=21)",B738,,,0,,No,,0
N916AN,1,AA1085 (https://www.notion.so/AA1085-278d0976205d812483ccfff0b5086530?pvs=21),B738,,,0,,No,,0
N955AN,2,"AA1540 (https://www.notion.so/AA1540-278d0976205d81f7982ad6ec21401487?pvs=21), AA1624 (https://www.notion.so/AA1624-278d0976205d81fd8092e423cab8dc1a?pvs=21)",B738,,,0,,No,,0
N949NN,1,AA1326 (https://www.notion.so/AA1326-278d0976205d81f9a3f1c8cca0577f9e?pvs=21),B738,,,0,,No,,0
N847NN,1,AA89 (https://www.notion.so/AA89-278d0976205d819a95b6f031f2d2937d?pvs=21),B738,,,0,,No,,0
JA-741J,1,JL1 (https://www.notion.so/JL1-278d0976205d8155a74ce2b73d141906?pvs=21),B77W,,,0,,No,,0
N344PP,2,"AA2682 (https://www.notion.so/AA2682-278d0976205d814c82acfb7ff1bea55a?pvs=21), AA1220 (https://www.notion.so/AA1220-278d0976205d8184b6c2c460eabc7f6f?pvs=21)",B738,,,0,,No,,0
HL8255,1,RS763 (https://www.notion.so/RS763-278d0976205d8180ae0ccc9ffb527306?pvs=21),A321,,,0,,No,,0
JA-834J,1,JL92 (https://www.notion.so/JL92-278d0976205d813da2c1c7d76f14443a?pvs=21),B788,,,0,,No,,0
JA-737J,1,JL10 (https://www.notion.so/JL10-278d0976205d811da5ded6072697c38c?pvs=21),B77W,,,0,,No,,0
N990AN,1,AA1085 (https://www.notion.so/AA1085-278d0976205d8192bd2dffa5bb28d986?pvs=21),B738,,,0,,No,,0
N965NN,1,AA2573 (https://www.notion.so/AA2573-278d0976205d816bb16bddaf4937df8a?pvs=21),B738,,,0,,No,,0
N979AN,1,AA1239 (https://www.notion.so/AA1239-278d0976205d81f29af8f0510f31cc54?pvs=21),B738,,,0,,No,,0
N971AN,1,AA1097 (https://www.notion.so/AA1097-278d0976205d814389eeff0c56f6fd1c?pvs=21),B738,,,0,,No,,0
N948NN,1,AA2614 (https://www.notion.so/AA2614-278d0976205d81b3ab5ec07f019b6bea?pvs=21),B738,,,0,,No,,0
N968AN,2,"AA1529 (https://www.notion.so/AA1529-278d0976205d810883afd6ac8b703e6e?pvs=21), AA2689 (https://www.notion.so/AA2689-278d0976205d816081ecfdf274d1f493?pvs=21)",B738,,,0,,No,,0
N988NN,1,AA1571 (https://www.notion.so/AA1571-278d0976205d81fda3eff9c40197c6cd?pvs=21),B738,,,0,,No,,0
N997NN,1,AA362 (https://www.notion.so/AA362-278d0976205d81a3aa0adda2fc42fc30?pvs=21),B738,,,0,,No,,0
N886NN,1,AA2387 (https://www.notion.so/AA2387-278d0976205d819a84cfd553f92222a4?pvs=21),B738,,,0,,No,,0
N852NN,1,AA1319 (https://www.notion.so/AA1319-278d0976205d81af9320c9039624186b?pvs=21),B738,,,0,,No,,0
N928AE,1,AA3389 (https://www.notion.so/AA3389-278d0976205d811190b7e70bdcdfa84b?pvs=21),E145,,,0,,No,,0
N684JW,1,AA3806 (https://www.notion.so/AA3806-278d0976205d811d848ce646483021c8?pvs=21),E145,,,0,,No,,0
CC-BFM,1,LA2035 (https://www.notion.so/LA2035-278d0976205d814ca53be684e6ed5492?pvs=21),A320,,,0,,No,,0
N198AA,1,AA917 (https://www.notion.so/AA917-278d0976205d812384c5cc73bc22c485?pvs=21),B752,,,0,,No,,0
CC-BFQ,1,LA2034 (https://www.notion.so/LA2034-278d0976205d81d9b37dd239f74ccfe8?pvs=21),A320,,,0,,No,,0
N349AN,1,AA918 (https://www.notion.so/AA918-278d0976205d81ac8203d3a545c88012?pvs=21),B763,,,0,,No,,0
N890NN,1,AA1495 (https://www.notion.so/AA1495-278d0976205d8158ada8ff7f5c453561?pvs=21),B738,,,0,,No,,0
N860NN,1,AA1485 (https://www.notion.so/AA1485-278d0976205d8136857ad89adf444bcf?pvs=21),B738,,,0,,No,,0
N301NW,1,AA2704 (https://www.notion.so/AA2704-278d0976205d81b1925fc917df5f2578?pvs=21),B738,,,0,,No,,0
N220PS,1,AA5146 (https://www.notion.so/AA5146-278d0976205d81e690b3f67cd00af621?pvs=21),CRJ2,,,0,,No,,0
N916US,3,"AA1397 (https://www.notion.so/AA1397-278d0976205d8177aedcc2e655771690?pvs=21), AA630 (https://www.notion.so/AA630-278d0976205d81a2addad1da2e21bc3c?pvs=21), AA1854 (https://www.notion.so/AA1854-278d0976205d81b7b5daf08f4cf3757d?pvs=21)",A321,ACAEC8,Airbus A321-231,12,Former US Airways,No,6420,2014
N955SW,1,AA3027 (https://www.notion.so/AA3027-278d0976205d81d9bd55d654f926c33e?pvs=21),CRJ2,,,0,,No,,0
N316PF,2,"AA2264 (https://www.notion.so/AA2264-278d0976205d815d919ac2181122b3ca?pvs=21), AA1509 (https://www.notion.so/AA1509-278d0976205d81d89dc5f00099d73f2b?pvs=21)",B738,,,0,,No,,0
N306NY,1,AA2429 (https://www.notion.so/AA2429-278d0976205d815aaef4f477ab4799ec?pvs=21),B738,,,0,,No,,0
N808AN,1,AA263 (https://www.notion.so/AA263-278d0976205d81b2aaaef57753cab143?pvs=21),B788,,,0,,No,,0
B-LBJ,1,CX367 (https://www.notion.so/CX367-278d0976205d81c6a2bcee01e27ea11a?pvs=21),A333,,,0,,No,,0
B-1843,1,CZ323 (https://www.notion.so/CZ323-278d0976205d81659ae3ced7bad0dbbd?pvs=21),A321,,,0,,No,,0
B-KPI,1,CX806 (https://www.notion.so/CX806-278d0976205d814e917bfc3def56f429?pvs=21),B77W,,,0,,No,,0
N915NN,1,AA1485 (https://www.notion.so/AA1485-278d0976205d81b293f0e5cffa6cd41f?pvs=21),B738,ACAA77,Boeing 737-823,1,American (TWA Retro Livery),No,33227,2013
N800AN,2,"AA151 (https://www.notion.so/AA151-278d0976205d81f59dc1f681f14e427d?pvs=21), AA1625 (https://www.notion.so/AA1625-278d0976205d81f7962cd51869a985e7?pvs=21)",B788,,,0,,No,,0
N836AA,1,AA281 (https://www.notion.so/AA281-278d0976205d8104926ff5a27a38516c?pvs=21),B789,,,0,,No,,0
B-6176,1,3U8516 (https://www.notion.so/3U8516-278d0976205d81b6b9fac16276a39dc9?pvs=21),A319,,,0,,No,,0
B-6342,1,CZ316 (https://www.notion.so/CZ316-278d0976205d81fcb92be4ce428d37d1?pvs=21),A321,,,0,,No,,0
B-301Z,1,MU2846 (https://www.notion.so/MU2846-278d0976205d81d69068c40f9e13a196?pvs=21),A20N,,,0,,No,,0
N900UW,1,AA2431 (https://www.notion.so/AA2431-278d0976205d819a92fbd972f275ee78?pvs=21),A321,,,0,,No,,0
N809AA,1,AA262 (https://www.notion.so/AA262-278d0976205d812dac94d4f2247c6385?pvs=21),B788,,,0,,No,,0
N912UY,1,AA795 (https://www.notion.so/AA795-278d0976205d81719ed7da245cb86071?pvs=21),A321,,,0,,No,,0
N818AL,1,AA86 (https://www.notion.so/AA86-278d0976205d81ada222c4e91bb952fa?pvs=21),B788,,,0,,No,,0
N339PL,1,AA1213 (https://www.notion.so/AA1213-278d0976205d81318c9ed0ca6fc18903?pvs=21),B738,,,0,,No,,0
G-EUXF,1,BA309 (https://www.notion.so/BA309-278d0976205d81caad8ec987dba3f88f?pvs=21),A321,,,0,,No,,0
N122NN,1,AA1352 (https://www.notion.so/AA1352-278d0976205d81de8549d697ca8cf0ba?pvs=21),A321,,,0,,No,,0
N901AA,1,AA1029 (https://www.notion.so/AA1029-278d0976205d8136b2b9da6ad928c66f?pvs=21),A321,,,0,,No,,0
N873NN,1,AA345 (https://www.notion.so/AA345-278d0976205d8157aa15fe3ff11de25d?pvs=21),B738,,,0,,No,,0
N952NN,1,AA1253 (https://www.notion.so/AA1253-278d0976205d81dc98c9ca15852adbb6?pvs=21),B738,,,0,,No,,0
N829AN,1,AA46 (https://www.notion.so/AA46-278d0976205d81979f6fed3e4273a350?pvs=21),B789,,,0,,No,,0
G-XLEE,1,BA297 (https://www.notion.so/BA297-278d0976205d81289f4ad7a53561c624?pvs=21),A388,406A04,Airbus A380-841,10,,No,148,2013
N939AN,1,AA2321 (https://www.notion.so/AA2321-278d0976205d81989bf9db45456ae1ec?pvs=21),B738,,,0,,No,,0
N141NN,2,"AA2265 (https://www.notion.so/AA2265-278d0976205d8183962bebd622ed3b4c?pvs=21), AA2585 (https://www.notion.so/AA2585-278d0976205d81918ab7dbdc75096eb1?pvs=21)",A321,,,0,,No,,0
N763SK,1,AA3236 (https://www.notion.so/AA3236-278d0976205d81109f2ddc1b1b0f86c9?pvs=21),CRJ7,,,0,,No,,0
N139AN,1,AA1217 (https://www.notion.so/AA1217-278d0976205d81c18d64e18b4a414f92?pvs=21),A321,,,0,,No,,0
N746SK,1,AA3033 (https://www.notion.so/AA3033-278d0976205d815792c0d0399cf10473?pvs=21),CRJ7,,,0,,No,,0
N781AN,1,AA61 (https://www.notion.so/AA61-278d0976205d810080f8f962ca6d0209?pvs=21),B772,AA944A,Boeing 777-223(ER),1,,No,29586,2000
HL7557,1,LJ284 (https://www.notion.so/LJ284-278d0976205d81d2a214f7d1a7af2af2?pvs=21),B738,,,0,,No,,0
N827AN,1,AA280 (https://www.notion.so/AA280-278d0976205d8144b651e08810a58722?pvs=21),B789,,,0,,No,,0
N901AN,1,AA1485 (https://www.notion.so/AA1485-278d0976205d8147ac87fa36301f2bde?pvs=21),B738,,,0,,No,,0
N936AN,1,AA1540 (https://www.notion.so/AA1540-278d0976205d8135af87e1b3fc4e95d6?pvs=21),B738,,,0,,No,,0
N905AN,2,"AA2634 (https://www.notion.so/AA2634-278d0976205d812481b2f97b15099cd6?pvs=21), AA1540 (https://www.notion.so/AA1540-278d0976205d81ffb73ceebe1c757887?pvs=21)",B738,,,0,,No,,0
N521UW,1,AA363 (https://www.notion.so/AA363-278d0976205d81f19454e6fbed93ce42?pvs=21),A321,,,0,,No,,0
N143AN,1,AA2384 (https://www.notion.so/AA2384-278d0976205d81bca445d6e4280d6a5a?pvs=21),A321,,,0,,No,,0
N171US,1,AA2265 (https://www.notion.so/AA2265-278d0976205d8156b4b2cd97d3e0dcec?pvs=21),A321,,,0,,No,,0
N957NN,1,AA1363 (https://www.notion.so/AA1363-278d0976205d8125960ac7e742f2b3f6?pvs=21),B738,,,0,,No,,0
N899NN,1,AA2582 (https://www.notion.so/AA2582-278d0976205d81e2a7d0d6bafb089608?pvs=21),B738,,,0,,No,,0
N931AN,1,AA1240 (https://www.notion.so/AA1240-278d0976205d819abe7be4b0b5bfd794?pvs=21),B738,,,0,,No,,0
N950NN,1,AA2586 (https://www.notion.so/AA2586-278d0976205d816d94a5ff244f9564fb?pvs=21),B738,,,0,,No,,0
N238NN,1,AA3563 (https://www.notion.so/AA3563-278d0976205d81a6b019f9bf6e33b6e3?pvs=21),E75S,,,0,,No,,0
N755US,1,AA592 (https://www.notion.so/AA592-278d0976205d8159a83ccfa31f744b11?pvs=21),A319,,,0,,No,,0
N809NN,1,AA1211 (https://www.notion.so/AA1211-278d0976205d81c596f2e3c5d0e87bf6?pvs=21),B738,,,0,,No,,0
N282AY,1,AA704 (https://www.notion.so/AA704-278d0976205d8158bcabebbe61a64183?pvs=21),A332,,,0,,No,,0
N804NN,1,AA1676 (https://www.notion.so/AA1676-278d0976205d812eb517e93531784b71?pvs=21),B738,,,0,,No,,0
A6-ETK,1,EY2 (https://www.notion.so/EY2-278d0976205d81c1b71acf1199bf6dd2?pvs=21),B77W,,,0,,No,,0
A6-APE,1,EY31 (https://www.notion.so/EY31-278d0976205d81108b95c7755e334355?pvs=21),A388,896439,Airbus A380-861,5,,No,191,2015
N916NN,1,AA2798 (https://www.notion.so/AA2798-278d0976205d816e85d5e17911a7167f?pvs=21),B738,ACAE2E,Boeing 737-823,1,American (Reno Air Retro Livery),No,31163,2013
N77871,2,"UA780 (https://www.notion.so/UA780-278d0976205d815b84b5d296a399c83b?pvs=21), UA1617 (https://www.notion.so/UA1617-278d0976205d81db9435e516acf4b9cf?pvs=21)",B753,,,0,,No,,0
N938AN,1,AA1465 (https://www.notion.so/AA1465-278d0976205d817e9b0fde6d55106a2a?pvs=21),B738,,,0,,No,,0
N896NN,1,AA1045 (https://www.notion.so/AA1045-278d0976205d814ea52fdf7103b27e21?pvs=21),B738,,,0,,No,,0
N918AN,1,AA1109 (https://www.notion.so/AA1109-278d0976205d81579d2efd1d6f522397?pvs=21),B738,,,0,,No,,0
N771XF,1,AA2922 (https://www.notion.so/AA2922-278d0976205d81b1badadaa43733d90b?pvs=21),A319,,,0,,No,,0
N241NN,1,AA3599 (https://www.notion.so/AA3599-278d0976205d815181bff345a6af3c23?pvs=21),E170,,,0,,No,,0
N940AN,1,AA2585 (https://www.notion.so/AA2585-278d0976205d81b8a882dff1954a19f1?pvs=21),B738,,,0,,No,,0
N951NN,1,AA2723 (https://www.notion.so/AA2723-278d0976205d81af8464f71d3ee86062?pvs=21),B738,,,0,,No,,0
N876NN,1,AA1211 (https://www.notion.so/AA1211-278d0976205d812e90a1f574a908f072?pvs=21),B738,,,0,,No,,0
N354PT,1,AA1509 (https://www.notion.so/AA1509-278d0976205d813aad67fa04252e0198?pvs=21),B738,,,0,,No,,0
N119US,1,AA2052 (https://www.notion.so/AA2052-278d0976205d81c99995dc7bb0d868fe?pvs=21),A320,,,0,,No,,0
N554UW,1,AA1017 (https://www.notion.so/AA1017-278d0976205d81389895f7f3767ba256?pvs=21),A321,,,0,,No,,0
N989NN,1,AA1165 (https://www.notion.so/AA1165-278d0976205d818ba9a3c916971726f8?pvs=21),B738,,,0,,No,,0
N111NG,1,DL466 (https://www.notion.so/DL466-278d0976205d81318c80d8d11837b509?pvs=21),BCS1,,,0,,No,,0
N898NN,1,AA1240 (https://www.notion.so/AA1240-278d0976205d811a943ae86ec9ae5652?pvs=21),B738,,,0,,No,,0
N118NN,1,AA2927 (https://www.notion.so/AA2927-278d0976205d81f6ae68cc917d648316?pvs=21),A321,,,0,,No,,0
N758AN,1,AA335 (https://www.notion.so/AA335-278d0976205d81c7a915fa977766f578?pvs=21),B772,AA37CE,Boeing 777-223(ER),10,,No,32637,2001
N793AN,1,AA1172 (https://www.notion.so/AA1172-278d0976205d819fa709dac0d96d351a?pvs=21),B772,AAC337,Boeing 777-223(ER),9,,No,30255,2000
N132AN,1,AA1148 (https://www.notion.so/AA1148-278d0976205d817482a1c16bfbcd2e6b?pvs=21),A321,,,0,,No,,0
N945NN,1,AA1194 (https://www.notion.so/AA1194-278d0976205d81fdaf6eccf307b38d9b?pvs=21),A321,,,0,,No,,0
N816AA,1,AA1635 (https://www.notion.so/AA1635-278d0976205d81a089fefcd6311e1f06?pvs=21),B788,,,0,,No,,0
N817AN,1,AA1308 (https://www.notion.so/AA1308-278d0976205d8136a338ca623ef7e624?pvs=21),B788,,,0,,No,,0
N972NN,1,AA668 (https://www.notion.so/AA668-278d0976205d818caa98e985586b0153?pvs=21),B738,,,0,,No,,0
N943NN,1,AA1271 (https://www.notion.so/AA1271-278d0976205d810e92a6d63e94d31263?pvs=21),B738,,,0,,No,,0
N872AN,1,AA1920 (https://www.notion.so/AA1920-278d0976205d81abb90ef8135d3b6ca5?pvs=21),B788,,,0,,No,,0
N124US,2,"AA793 (https://www.notion.so/AA793-278d0976205d8114a50ed2245aff3945?pvs=21), AA1786 (https://www.notion.so/AA1786-278d0976205d8198a5b6df80b816499f?pvs=21)",A320,,,0,,No,,0
N519UW,1,AA777 (https://www.notion.so/AA777-278d0976205d81acb180f50d329bceec?pvs=21),A321,,,0,,No,,0
N164NN,1,AA1106 (https://www.notion.so/AA1106-278d0976205d81688a32d7ebc58e43f3?pvs=21),A321,,,0,,No,,0
N427AN,1,AA2881 (https://www.notion.so/AA2881-278d0976205d81c1b91ae0cc99bbdeb8?pvs=21),A21N,,,0,,No,,0
N880DN,1,DL1510 (https://www.notion.so/DL1510-278d0976205d81468c5bcf207fa2c22d?pvs=21),B739,,,0,,No,,0
N231JQ,1,DL5785 (https://www.notion.so/DL5785-278d0976205d8117b077f38f4a073512?pvs=21),E170,,,0,,No,,0
N991NN,1,AA1294 (https://www.notion.so/AA1294-278d0976205d81828c98de48571f311a?pvs=21),B738,,,0,,No,,0
N823AN,1,AA1579 (https://www.notion.so/AA1579-278d0976205d811a9d7ce691aeff0c75?pvs=21),B789,,,0,,No,,0
N968NN,1,AA363 (https://www.notion.so/AA363-278d0976205d819593dfc95499f44b5e?pvs=21),B738,,,0,,No,,0
N834NN,1,AA1559 (https://www.notion.so/AA1559-278d0976205d8131899cd19cb0a25194?pvs=21),B738,,,0,,No,,0
N53442,1,UA1062 (https://www.notion.so/UA1062-278d0976205d817a9871ea2509642870?pvs=21),B739,,,0,,No,,0
N315PE,1,AA2014 (https://www.notion.so/AA2014-278d0976205d8197bfacdc9be6078b4e?pvs=21),B738,,,0,,No,,0
N338PK,2,"AA2264 (https://www.notion.so/AA2264-278d0976205d81208d41d9e7ea782a3b?pvs=21), AA2014 (https://www.notion.so/AA2014-278d0976205d816c8490d82babb2ebb2?pvs=21)",B738,,,0,,No,,0
N954NN,1,AA569 (https://www.notion.so/AA569-278d0976205d81abb631c5f32839e82e?pvs=21),B738,,,0,,No,,0
N868NN,1,AA2883 (https://www.notion.so/AA2883-278d0976205d81c4a87fe47b56ece471?pvs=21),B738,,,0,,No,,0
N812AW,1,AA1242 (https://www.notion.so/AA1242-278d0976205d814cae77fab4bd5c94cd?pvs=21),A319,,,0,,No,,0
N753AN,1,AA86 (https://www.notion.so/AA86-278d0976205d8153945cf07ff6a68471?pvs=21),B772,AA253B,Boeing 777-223(ER),5,,No,30261,2001
F-GKXH,1,AF1134 (https://www.notion.so/AF1134-278d0976205d81058587c3832b731d94?pvs=21),A320,,,0,,No,,0
HB-AZG,1,LX460 (https://www.notion.so/LX460-278d0976205d81fcb00fe7217da75859?pvs=21),E190,,,0,,No,,0
N729AN,1,AA107 (https://www.notion.so/AA107-278d0976205d81cba7fff634667fda6f?pvs=21),B77W,,,0,,No,,0
N748EV,1,AA3051 (https://www.notion.so/AA3051-278d0976205d816ea127ec8f0b3a443a?pvs=21),CRJ7,,,0,,No,,0
N203JQ,1,DL5607 (https://www.notion.so/DL5607-278d0976205d818da801da051a3626fe?pvs=21),E170,,,0,,No,,0
N815UA,1,UA2664 (https://www.notion.so/UA2664-278d0976205d81eba63ac88d62a5b423?pvs=21),A319,,,0,,No,,0
N105UW,1,AA2903 (https://www.notion.so/AA2903-278d0976205d818d8d5fc61390084d06?pvs=21),A320,,,0,,No,,0
N990NN,1,AA532 (https://www.notion.so/AA532-278d0976205d817f8216d6c3fd0c67ed?pvs=21),B738,,,0,,No,,0
N576UW,1,AA1106 (https://www.notion.so/AA1106-278d0976205d81f38a8fc50c9a9837a2?pvs=21),A321,,,0,,No,,0
N801AW,1,AA1742 (https://www.notion.so/AA1742-278d0976205d81e2a353e3d94ff96a39?pvs=21),A319,,,0,,No,,0
N767UW,1,AA1742 (https://www.notion.so/AA1742-278d0976205d81288505e22db8e66baf?pvs=21),A319,,,0,,No,,0
N15751,1,UA2037 (https://www.notion.so/UA2037-278d0976205d810890e5c4a726155669?pvs=21),B737,,,0,,No,,0
N777UA,1,UA528 (https://www.notion.so/UA528-278d0976205d813396bfc478202c52e6?pvs=21),B772,AA84CB,Boeing 777-222,4,"Pratt & Whitney PW4077 engines, United launch.  According to Reddit, first 777 to enter commercial service.  6th or 7th off the production line vs. N774UA which was 2nd, but delivered first.",No,26916,1995
N897UA,1,UA1142 (https://www.notion.so/UA1142-278d0976205d81a29067f3273a887ea3?pvs=21),A319,,,0,,No,,0
N776UA,1,UA729 (https://www.notion.so/UA729-278d0976205d819cb479c6b35f8fa251?pvs=21),B772,AA8114,Boeing 777-222,3,"Pratt & Whitney PW4077 engines, United launch.",No,26937,1996
N662UA,1,UA931 (https://www.notion.so/UA931-278d0976205d816f9acdc1f6fd3701b2?pvs=21),B763,,,0,,No,,0
N661UA,1,UA925 (https://www.notion.so/UA925-278d0976205d81c1acfefad7233cebda?pvs=21),B763,,,0,,No,,0
N37462,1,UA2467 (https://www.notion.so/UA2467-278d0976205d81619101eed193010840?pvs=21),B739,,,0,,No,,0
N912SW,1,UA5814 (https://www.notion.so/UA5814-278d0976205d81a58884cf2cd5ea962c?pvs=21),CRJ2,,,0,,No,,0
N219UA,1,UA1972 (https://www.notion.so/UA1972-278d0976205d81cbb580cbf840bda618?pvs=21),B772,A1DCB4,Boeing 777-222(ER),12,Pratt & Whitney PW4090 engines,No,30551,2000
N37456,1,UA2289 (https://www.notion.so/UA2289-278d0976205d81f08180eacf2b125c88?pvs=21),B739,,,0,,No,,0
N57864,1,UA476 (https://www.notion.so/UA476-278d0976205d810985adea657dab9eda?pvs=21),B753,,,0,,No,,0
N771UA,1,UA769 (https://www.notion.so/UA769-278d0976205d81cf8777dc543f5b2ced?pvs=21),B772,AA6E81,Boeing 777-222,8,"Pratt & Whitney PW4077 engines, United launch.",No,26932,1994
N14240,1,UA2445 (https://www.notion.so/UA2445-278d0976205d816f8ebcf38d2ca453c5?pvs=21),B738,,,0,,No,,0
N37532,1,UA1176 (https://www.notion.so/UA1176-278d0976205d8196bda6d600380770e0?pvs=21),B39M,,,0,,No,,0
N781UA,3,"UA2329 (https://www.notion.so/UA2329-278d0976205d818f8ff2e77aae90e510?pvs=21), UA1821 (https://www.notion.so/UA1821-278d0976205d81ec8121d55d872f2b19?pvs=21), UA2681 (https://www.notion.so/UA2681-278d0976205d81f2970ae8ab4e359e04?pvs=21)",B772,AA9600,Boeing 777-222,8,"Pratt & Whitney PW4077 engines, United launch.",No,26945,1996
N18243,1,UA635 (https://www.notion.so/UA635-278d0976205d8162ac0bfb6a190e90c7?pvs=21),B738,,,0,,No,,0
N849UA,1,UA2247 (https://www.notion.so/UA2247-278d0976205d8148b68af995e54dd41b?pvs=21),A319,,,0,,No,,0
N37274,1,UA2488 (https://www.notion.so/UA2488-278d0976205d81e4a140fb720a95fff9?pvs=21),B738,,,0,,No,,0
N774UA,1,UA1898 (https://www.notion.so/UA1898-278d0976205d819aa833fdd198c550f8?pvs=21),B772,AA79A6,Boeing 777-222,7,"Pratt & Whitney PW4077 engines, United launch.  According to Reddit, this one was the second 777 off the line, and was used for some testing before being delivered to United.",No,26936,1994
C-GJVX,1,AC1049 (https://www.notion.so/AC1049-278d0976205d81f5b37cc7511c925955?pvs=21),A321,,,0,,No,,0
N424UA,1,UA1868 (https://www.notion.so/UA1868-278d0976205d81b1b1d4db06e6f81869?pvs=21),A320,,,0,,No,,0
N449UA,1,UA1433 (https://www.notion.so/UA1433-278d0976205d81e3b813f648538716e2?pvs=21),A320,,,0,,No,,0
N352NW,1,DL2994 (https://www.notion.so/DL2994-278d0976205d81d2910cf27552a1d6a8?pvs=21),A320,,,0,,No,,0
N327NB,1,DL2117 (https://www.notion.so/DL2117-278d0976205d81afb0a1da5e97ba4254?pvs=21),A319,,,0,,No,,0
N232JQ,1,DL5602 (https://www.notion.so/DL5602-278d0976205d812dbb2be99e5ab53351?pvs=21),E75W,,,0,,No,,0
C-FRQM,1,AC8962 (https://www.notion.so/AC8962-278d0976205d8165b274c3589751a8cc?pvs=21),E75S,,,0,,No,,0
N256SY,1,DL3528 (https://www.notion.so/DL3528-278d0976205d81de8e88ec4fb3b32862?pvs=21),E75W,,,0,,No,,0
N307PQ,1,DL4997 (https://www.notion.so/DL4997-278d0976205d81e69febfe9d4902f9e1?pvs=21),CRJ9,,,0,,No,,0
N829UA,1,UA2631 (https://www.notion.so/UA2631-278d0976205d81eeaf3cf8fa77547001?pvs=21),A319,,,0,,No,,0
N927AT,1,DL2566 (https://www.notion.so/DL2566-278d0976205d81a88e53f85d307402ea?pvs=21),B712,,,0,,No,,0
N125SY,1,UA5300 (https://www.notion.so/UA5300-278d0976205d81869dbcf62f5c43f35e?pvs=21),E75W,,,0,,No,,0
N29985,2,"UA2487 (https://www.notion.so/UA2487-278d0976205d81b6b51de94494d99e59?pvs=21), UA62 (https://www.notion.so/UA62-278d0976205d81dab768f83467026cc2?pvs=21)",B789,,,0,,No,,0
HB-JHK,1,LX9 (https://www.notion.so/LX9-278d0976205d811c8124fd79ca65cb5c?pvs=21),A333,,,0,,No,,0
HB-IJI,1,LX970 (https://www.notion.so/LX970-278d0976205d811d9890c47b36a92c54?pvs=21),A320,,,0,,No,,0
OH-LXH,1,AY1434 (https://www.notion.so/AY1434-278d0976205d81139fcfd5df17cad5ec?pvs=21),A320,,,0,,No,,0
OH-LXA,1,AY1305 (https://www.notion.so/AY1305-278d0976205d818691d2e25f15c46a75?pvs=21),A320,,,0,,No,,0
PH-BQG,1,KL611 (https://www.notion.so/KL611-278d0976205d815cb824d5354ce97d74?pvs=21),B772,48436E,Boeing 777-206(ER),4,GE GE90-94B engines,No,32704,2004
N215JQ,1,DL5663 (https://www.notion.so/DL5663-278d0976205d81d9b449e7f14c17429d?pvs=21),E75W,,,0,,No,,0
N35204,1,UA1232 (https://www.notion.so/UA1232-278d0976205d81a282ffc4231b31165b?pvs=21),B738,,,0,,No,,0
N68817,2,"UA2410 (https://www.notion.so/UA2410-278d0976205d81959bedfacd1ff37094?pvs=21), UA2429 (https://www.notion.so/UA2429-278d0976205d81c7a856f02bd60cfefb?pvs=21)",B739,,,0,,No,,0
N37470,1,UA2609 (https://www.notion.so/UA2609-278d0976205d81468423ea9befe393c3?pvs=21),B739,,,0,,No,,0
N215UA,1,UA2474 (https://www.notion.so/UA2474-278d0976205d819faa22ebb64601838c?pvs=21),B772,A1CDD8,Boeing 777-222,8,Pratt & Whitney PW4077 engines,No,30221,2000
N810UA,1,UA1687 (https://www.notion.so/UA1687-278d0976205d81d484d0d93ceadec29e?pvs=21),A319,,,0,,No,,0
N775UA,1,UA1898 (https://www.notion.so/UA1898-278d0976205d8166aa0ee1e20f6d6351?pvs=21),B772,AA7D5D,Boeing 777-222,1,"Pratt & Whitney PW4077 engines, United launch.",No,26947,1996
N166SY,1,UA5472 (https://www.notion.so/UA5472-278d0976205d8131bfcfde199d77f8d4?pvs=21),E75W,,,0,,No,,0
C-FSNU,1,AC213 (https://www.notion.so/AC213-278d0976205d8159bc7ef283696d0664?pvs=21),B38M,,,0,,No,,0
N13227,1,UA764 (https://www.notion.so/UA764-278d0976205d8126ad3cdd2eabb32526?pvs=21),B738,,,0,,No,,0
N47524,1,UA1279 (https://www.notion.so/UA1279-278d0976205d8112b201c3c205629fc5?pvs=21),B39M,,,0,,No,,0
N37563,1,UA1580 (https://www.notion.so/UA1580-278d0976205d8161a48ed0132e6f270a?pvs=21),B39M,,,0,,No,,0
N452UA,1,UA1279 (https://www.notion.so/UA1279-278d0976205d81679b6df9726436b26b?pvs=21),A320,,,0,,No,,0
N675UA,1,UA931 (https://www.notion.so/UA931-278d0976205d8131882ffe49f3d01572?pvs=21),B763,,,0,,No,,0
N17126,1,UA289 (https://www.notion.so/UA289-278d0976205d814fa407da0c4e5accbb?pvs=21),B752,,,0,,No,,0
EI-DVN,1,EI387 (https://www.notion.so/EI387-278d0976205d8181a532c1d0e9ad4c25?pvs=21),A320,,,0,,No,,0
N27908,2,"UA1387 (https://www.notion.so/UA1387-278d0976205d81a9a6e6fef49dd14c4a?pvs=21), UA987 (https://www.notion.so/UA987-278d0976205d81c4b381efaa01a3c7ec?pvs=21)",B788,,,0,,No,,0
9V-SMH,1,SQ956 (https://www.notion.so/SQ956-278d0976205d81658303db3555c73c92?pvs=21),A359,76CDA8,Airbus A350-941,0,,No,068,0
9V-SWP,1,SQ335 (https://www.notion.so/SQ335-278d0976205d81e29799c89422c35baf?pvs=21),B77W,,,0,,No,,0
JA-885A,1,NH842 (https://www.notion.so/NH842-278d0976205d81b694c6dc984e0344fc?pvs=21),B77W,,,0,,No,,0
PK-GPV,1,GA836 (https://www.notion.so/GA836-278d0976205d81eea87df3a8c740dd9d?pvs=21),A333,,,0,,No,,0
JA-791A,1,NH12 (https://www.notion.so/NH12-278d0976205d81ebbe8cc3bcc7b6cb54?pvs=21),B77W,,,0,,No,,0
N69816,1,UA2433 (https://www.notion.so/UA2433-278d0976205d812f8dc8c952129e6a64?pvs=21),B739,,,0,,No,,0
N68891,2,"UA1092 (https://www.notion.so/UA1092-278d0976205d81598af6ef8f7b448dd5?pvs=21), UA468 (https://www.notion.so/UA468-278d0976205d818aa9a3e28ef5ea7b7b?pvs=21)",B739,,,0,,No,,0
N57868,2,"UA564 (https://www.notion.so/UA564-278d0976205d8168b14fe7844b4ede72?pvs=21), UA528 (https://www.notion.so/UA528-278d0976205d81efaea2e9859a873e5f?pvs=21)",B753,,,0,,No,,0
N66897,1,UA767 (https://www.notion.so/UA767-278d0976205d8144a127ecb4f7525bb3?pvs=21),B739,,,0,,No,,0
N73251,1,UA1574 (https://www.notion.so/UA1574-278d0976205d81eda64fda699f4683f8?pvs=21),B738,,,0,,No,,0
N37541,1,UA2239 (https://www.notion.so/UA2239-278d0976205d81b1869cd7f5cbe26099?pvs=21),B39M,,,0,,No,,0
N75433,1,UA377 (https://www.notion.so/UA377-278d0976205d8172b44ee74de25a1c89?pvs=21),B739,,,0,,No,,0
N29961,1,UA1823 (https://www.notion.so/UA1823-278d0976205d81b587b1fb4907788424?pvs=21),B789,,,0,,No,,0
N813UA,1,UA2306 (https://www.notion.so/UA2306-278d0976205d8123a307fb71f0c6e302?pvs=21),A319,,,0,,No,,0
N745YX,1,UA3586 (https://www.notion.so/UA3586-278d0976205d819ebdfcdb4eebb56fc8?pvs=21),E75W,,,0,,No,,0
N13113,1,UA570 (https://www.notion.so/UA570-278d0976205d8130a6bfcd4ea970aa8a?pvs=21),B752,,,0,,No,,0
N35271,1,UA1535 (https://www.notion.so/UA1535-278d0976205d81c38394d10b224dccc0?pvs=21),B738,,,0,,No,,0
N14250,1,UA1310 (https://www.notion.so/UA1310-278d0976205d8107b464e0c58f525f8f?pvs=21),B738,,,0,,No,,0
N877UA,1,UA467 (https://www.notion.so/UA467-278d0976205d81a298d8e55d08e11af9?pvs=21),A319,,,0,,No,,0
N29907,2,"UA1755 (https://www.notion.so/UA1755-278d0976205d8173b532d09e5f298036?pvs=21), UA693 (https://www.notion.so/UA693-278d0976205d81c695cafa8732b01651?pvs=21)",B788,,,0,,No,,0
N26906,1,UA2148 (https://www.notion.so/UA2148-278d0976205d81cda408e7854dd3fe54?pvs=21),B788,,,0,,No,,0
N474UA,1,UA341 (https://www.notion.so/UA341-278d0976205d8102a428f5e6d57eca02?pvs=21),A320,,,0,,No,,0
N37547,1,UA1240 (https://www.notion.so/UA1240-278d0976205d8138bd6dc27d64fc93dd?pvs=21),B39M,,,0,,No,,0
B-8569,1,MU6337 (https://www.notion.so/MU6337-278d0976205d81949d60cdf61766598e?pvs=21),A321,,,0,,No,,0
N2748U,2,"UA857 (https://www.notion.so/UA857-278d0976205d8180b7b6c858e050cce6?pvs=21), UA1175 (https://www.notion.so/UA1175-278d0976205d8196993ddcf03276b845?pvs=21)",B77W,,,0,,No,,0
B-6289,1,CZ8635 (https://www.notion.so/CZ8635-278d0976205d81238777d5918c705139?pvs=21),A320,,,0,,No,,0
B-32CF,1,ZH9527 (https://www.notion.so/ZH9527-278d0976205d810c9a90f44c352b4b9d?pvs=21),A21N,,,0,,No,,0
B-6360,1,ZH9882 (https://www.notion.so/ZH9882-278d0976205d810696e6e8b75488c558?pvs=21),A320,,,0,,No,,0
JA-212A,1,NH976 (https://www.notion.so/NH976-278d0976205d8126997cca66d941a63d?pvs=21),A20N,,,0,,No,,0
JA-872A,1,NH106 (https://www.notion.so/NH106-278d0976205d81ddaa13e1d33055b02d?pvs=21),B789,86E79A,Boeing 787-9 Dreamliner,7,ANA (Star Alliance Livery),No,34504,2015
N26210,1,UA2632 (https://www.notion.so/UA2632-278d0976205d81f8a750ebeefbda803b?pvs=21),B738,A288FF,Boeing 737-824,5,United (Star Alliance Livery),No,28770,1998
N77430,1,UA1484 (https://www.notion.so/UA1484-278d0976205d8186a2a9cdb25593edec?pvs=21),B739,,,0,,No,,0
N658UA,1,UA3 (https://www.notion.so/UA3-278d0976205d81989416cf05115b53af?pvs=21),B763,,,0,,No,,0
D-AIQS,1,LH1040 (https://www.notion.so/LH1040-278d0976205d8138948bc21866fe9a84?pvs=21),A320,,,0,,No,,0
N78501,1,UA1971 (https://www.notion.so/UA1971-278d0976205d81cfabe7efe661976842?pvs=21),B738,,,0,,No,,0
N797UA,1,UA984 (https://www.notion.so/UA984-278d0976205d81d99667ed6c3bde77b4?pvs=21),B772,AAD3C9,Boeing 777-222(ER),1,Pratt & Whitney PW4090 engines,No,26924,1998
N37318,1,UA1637 (https://www.notion.so/UA1637-278d0976205d81c8a47ec129a5e3592d?pvs=21),B38M,,,0,,No,,0
N27213,1,UA1952 (https://www.notion.so/UA1952-278d0976205d81c098f0c508d643af18?pvs=21),B738,,,0,,No,,0
N37548,1,UA1665 (https://www.notion.so/UA1665-278d0976205d8170b6b9ecd5c4d5f8de?pvs=21),B39M,,,0,,No,,0
N39461,1,UA2239 (https://www.notion.so/UA2239-278d0976205d81e8a66afe50fe264203?pvs=21),B739,,,0,,No,,0
N17326,2,"UA1707 (https://www.notion.so/UA1707-278d0976205d8149a93bd1d2dacdf9f0?pvs=21), UA1724 (https://www.notion.so/UA1724-278d0976205d81b78f2fc9f119d87b67?pvs=21)",B38M,,,0,,No,,0
N87531,1,UA2482 (https://www.notion.so/UA2482-278d0976205d815ea181e048386a8943?pvs=21),B738,,,0,,No,,0
N847UA,1,UA1702 (https://www.notion.so/UA1702-278d0976205d8151ba1fdd4665d091a3?pvs=21),A319,,,0,,No,,0
N24513,3,"UA546 (https://www.notion.so/UA546-278d0976205d8139aa1cd882c18d39c0?pvs=21), UA1152 (https://www.notion.so/UA1152-278d0976205d81e48796db8ae1cb0cce?pvs=21), UA2190 (https://www.notion.so/UA2190-278d0976205d81ed80c9f5a1a2f9f8d7?pvs=21)",A21N,A24529,Airbus A321-271NX,4,,No,11850,2024
N804UA,1,UA373 (https://www.notion.so/UA373-278d0976205d812995a7d76dba7dd8a8?pvs=21),A319,,,0,,No,,0
N14509,1,UA519 (https://www.notion.so/UA519-278d0976205d8194908cdb3d48658e7d?pvs=21),A21N,,,0,,No,,0
N67501,1,UA2313 (https://www.notion.so/UA2313-278d0976205d815cbb99cc02e6c43c11?pvs=21),B39M,,,0,,No,,0
N24202,1,UA2215 (https://www.notion.so/UA2215-278d0976205d81bc9d4fd147f9b984b8?pvs=21),B738,,,0,,No,,0
N874UA,1,UA1028 (https://www.notion.so/UA1028-278d0976205d81e88baddb6bdc0a71d3?pvs=21),A319,,,0,,No,,0
N36447,1,UA211 (https://www.notion.so/UA211-278d0976205d8159af27dec3de2521dd?pvs=21),B739,,,0,,No,,0
N488UA,1,UA1272 (https://www.notion.so/UA1272-278d0976205d81d7a5d4dec255702149?pvs=21),A320,,,0,,No,,0
N57863,1,UA771 (https://www.notion.so/UA771-278d0976205d81b5a855ea88637fce33?pvs=21),B753,,,0,,No,,0
N14512,1,UA1139 (https://www.notion.so/UA1139-278d0976205d810ca90eee8d55abb2e1?pvs=21),A21N,,,0,,No,,0
N17321,1,UA1597 (https://www.notion.so/UA1597-278d0976205d816a88cbefe0425f1ab1?pvs=21),B38M,,,0,,No,,0
N27252,2,"UA784 (https://www.notion.so/UA784-278d0976205d816aa4fee21d8d42945b?pvs=21), UA2409 (https://www.notion.so/UA2409-278d0976205d817b8ad0fbd1661fdd5f?pvs=21)",B38M,,,0,,No,,0
N12238,1,UA337 (https://www.notion.so/UA337-278d0976205d81c792f1f351f26f787e?pvs=21),B738,,,0,,No,,0
N17322,1,UA2423 (https://www.notion.so/UA2423-278d0976205d8155bcfee01a389bb472?pvs=21),B38M,,,0,,No,,0
N68834,1,UA1563 (https://www.notion.so/UA1563-278d0976205d81208c6bc70a8dd7770d?pvs=21),B739,,,0,,No,,0
N38417,1,UA570 (https://www.notion.so/UA570-278d0976205d810383a9d5b53e4bb9e7?pvs=21),B739,,,0,,No,,0
N657UA,1,UA904 (https://www.notion.so/UA904-278d0976205d81088575c1bd0a4080e8?pvs=21),B763,,,0,,No,,0
EC-MMU,1,VY8749 (https://www.notion.so/VY8749-278d0976205d81c1938fd63b52b49587?pvs=21),A321,,,0,,No,,0
SX-NAL,1,A3711 (https://www.notion.so/A3711-278d0976205d8167be90f51a248181ad?pvs=21),A21N,,,0,,No,,0
SX-DGB,1,A3962 (https://www.notion.so/A3962-278d0976205d81379846edfc2f4e468e?pvs=21),A320,,,0,,No,,0
SP-LIM,1,LO640 (https://www.notion.so/LO640-278d0976205d81c58b0ad3ea8c554640?pvs=21),E75S,48AD0C,Embraer E175LR,4,LOT (Retro Livery),No,17000311,2010
SP-LMD,1,LO263 (https://www.notion.so/LO263-278d0976205d812e8b05f7f1aa4b4f6a?pvs=21),E190,,,0,,No,,0
D-AIBB,1,LH993 (https://www.notion.so/LH993-278d0976205d816d80d1c73bb45191d2?pvs=21),A319,,,0,,No,,0
N2136U,1,UA927 (https://www.notion.so/UA927-278d0976205d81158278f9f68d918ec1?pvs=21),B77W,,,0,,No,,0
N14118,1,UA2460 (https://www.notion.so/UA2460-278d0976205d8106bc0fe254e782ff77?pvs=21),B752,,,0,,No,,0
N14120,1,UA2494 (https://www.notion.so/UA2494-278d0976205d81018032cb2c164f058e?pvs=21),B752,,,0,,No,,0
N17566,1,UA1106 (https://www.notion.so/UA1106-278d0976205d81b08fe2c65551900cb0?pvs=21),B39M,,,0,,No,,0
N57852,1,UA488 (https://www.notion.so/UA488-278d0976205d81fbb4c3fe1713e4d456?pvs=21),B753,,,0,,No,,0
PR-XBR,1,LA3795 (https://www.notion.so/LA3795-278d0976205d819c88c6f0eeac14fb9a?pvs=21),A320,,,0,,No,,0
PT-TME,1,LA3922 (https://www.notion.so/LA3922-278d0976205d818b83aaf2d2e2fa71fd?pvs=21),A319,,,0,,No,,0
PR-GXX,1,G32097 (https://www.notion.so/G32097-278d0976205d812b84abdab776fc6e01?pvs=21),B738,,,0,,No,,0
N210UA,1,UA476 (https://www.notion.so/UA476-278d0976205d81d592ede8ca53b923cb?pvs=21),B772,A1BB45,Boeing 777-222,12,Pratt & Whitney PW4077 engines,No,30216,1999
N13018,1,UA844 (https://www.notion.so/UA844-278d0976205d8176a635c7b0663af99c?pvs=21),B78X,,,0,,No,,0
N75861,1,UA1958 (https://www.notion.so/UA1958-278d0976205d8103a09ec050d62ca0c1?pvs=21),B753,,,0,,No,,0
N19986,1,UA649 (https://www.notion.so/UA649-278d0976205d81f69d8eea1f0221b8a4?pvs=21),B789,,,0,,No,,0
N77578,1,UA1992 (https://www.notion.so/UA1992-278d0976205d8183a9e4fcf35f24f8c7?pvs=21),B39M,,,0,,No,,0
N778UA,1,UA476 (https://www.notion.so/UA476-278d0976205d8187ba45f64050975b80?pvs=21),B772,AA8882,Boeing 777-222,6,"Pratt & Whitney PW4077 engines, United launch.",No,26940,1996
N222UA,2,"UA210 (https://www.notion.so/UA210-278d0976205d812db331e883ff5b8589?pvs=21), UA505 (https://www.notion.so/UA505-278d0976205d81e1bb2ee66fd0961224?pvs=21)",B772,A1EA32,Boeing 777-222(ER),7,Pratt & Whitney PW4090 engines,No,30553,2001
N14019,1,UA953 (https://www.notion.so/UA953-278d0976205d81d49735cef308ce3f4d?pvs=21),B78X,,,0,,No,,0
N67812,1,UA411 (https://www.notion.so/UA411-278d0976205d8160a1c9d002e6139b61?pvs=21),B739,,,0,,No,,0
D-AIRT,1,LH1652 (https://www.notion.so/LH1652-278d0976205d8131b6d9fb130d297fc9?pvs=21),A321,,,0,,No,,0
HB-JCK,1,LX1887 (https://www.notion.so/LX1887-278d0976205d81eba234f83208b5a5e6?pvs=21),BCS3,,,0,,No,,0
HB-JNG,1,LX38 (https://www.notion.so/LX38-278d0976205d814a9488e94569345c42?pvs=21),B77W,,,0,,No,,0
N782UA,1,UA35 (https://www.notion.so/UA35-278d0976205d81119017f44fe7822cfe?pvs=21),B772,AA99B7,Boeing 777-222(ER),2,Pratt & Whitney PW4090 engines,No,26948,1997
B-5618,1,ZH9089 (https://www.notion.so/ZH9089-278d0976205d81a88721f13673cf71ce?pvs=21),B738,,,0,,No,,0
B-323D,1,HO1612 (https://www.notion.so/HO1612-278d0976205d81d3870ed4408d52563b?pvs=21),A20N,,,0,,No,,0
N2135U,1,UA878 (https://www.notion.so/UA878-278d0976205d812c9bbce76a5d46b3fe?pvs=21),B77W,,,0,,No,,0
N13138,1,UA1665 (https://www.notion.so/UA1665-278d0976205d81129491ce8faef6e80c?pvs=21),B752,,,0,,No,,0
N14515,1,UA2207 (https://www.notion.so/UA2207-278d0976205d81eeb37cd4eaab547490?pvs=21),A21N,,,0,,No,,0
N14115,1,UA2400 (https://www.notion.so/UA2400-278d0976205d8176b9d7e7c865f94278?pvs=21),B752,,,0,,No,,0
N214UA,1,UA2364 (https://www.notion.so/UA2364-278d0976205d8199a300d4c22027b046?pvs=21),B772,A1CA21,Boeing 777-222,8,Pratt & Whitney PW4077 engines,No,30220,2000
JA-806A,1,NH105 (https://www.notion.so/NH105-278d0976205d81d5bec9f7ada2fd2ffb?pvs=21),B788,,,0,,No,,0
JA-71AN,1,NH775 (https://www.notion.so/NH775-278d0976205d814aa2a0fda89fd1d9bc?pvs=21),B738,,,0,,No,,0
JA-14AN,1,HD28 (https://www.notion.so/HD28-278d0976205d81829ce2cdc089db4aad?pvs=21),B737,,,0,,No,,0
N162SY,1,UA5559 (https://www.notion.so/UA5559-278d0976205d815ba8a4da41abdd1876?pvs=21),E75L,,,0,,No,,0
N2331U,1,UA838 (https://www.notion.so/UA838-278d0976205d8145a1dcf838367fce8a?pvs=21),B77W,,,0,,No,,0
N454UA,1,UA737 (https://www.notion.so/UA737-278d0976205d81c4ba24c78e7433a7fe?pvs=21),A320,,,0,,No,,0
N438UA,1,UA324 (https://www.notion.so/UA324-278d0976205d813d9fbfe4db9e3b25b8?pvs=21),A320,,,0,,No,,0
N426UA,1,UA576 (https://www.notion.so/UA576-278d0976205d818d9618e161fff88efe?pvs=21),A320,,,0,,No,,0
N17104,1,UA549 (https://www.notion.so/UA549-278d0976205d811893efde7fc3aa58f8?pvs=21),B752,,,0,,No,,0
N672UA,1,UA940 (https://www.notion.so/UA940-278d0976205d81359b7cf41919144b7e?pvs=21),B763,,,0,,No,,0
TC-JNZ,1,TK1040 (https://www.notion.so/TK1040-278d0976205d813abde7cecbed93df10?pvs=21),A333,,,0,,No,,0
G-EUUK,1,BA886 (https://www.notion.so/BA886-278d0976205d8126832cda1eec1ab855?pvs=21),A320,,,0,,No,,0
TC-JTO,1,TK1997 (https://www.notion.so/TK1997-278d0976205d8185b01ee7276951d8d0?pvs=21),A320,,,0,,No,,0
G-EZWP,1,U28684 (https://www.notion.so/U28684-278d0976205d8146abb1eaff33015fa4?pvs=21),A320,,,0,,No,,0
N787UA,1,UA969 (https://www.notion.so/UA969-278d0976205d81de8c5cf5d9dcf8a29b?pvs=21),B772,AAAC4A,Boeing 777-222(ER),10,Pratt & Whitney PW4090 engines,No,26939,1996
N494HA,1,HA298 (https://www.notion.so/HA298-278d0976205d8160befad694e35314bf?pvs=21),B712,,,0,,No,,0
N57857,1,UA377 (https://www.notion.so/UA377-278d0976205d81128a1df078da8a2dca?pvs=21),B753,,,0,,No,,0
N77572,1,UA1324 (https://www.notion.so/UA1324-278d0976205d818d8e8bfa3454893e30?pvs=21),B39M,,,0,,No,,0
N441UA,1,UA448 (https://www.notion.so/UA448-278d0976205d814281a7c84e97ece87b?pvs=21),A320,,,0,,No,,0
N773UA,1,UA2372 (https://www.notion.so/UA2372-278d0976205d818d8b4ec558a2633439?pvs=21),B772,AA75EF,Boeing 777-222,10,"Pratt & Whitney PW4077 engines, United launch.",No,26929,1994
G-EUYI,1,BA884 (https://www.notion.so/BA884-278d0976205d813dbd28d5ceed251c48?pvs=21),A320,,,0,,No,,0
N686UA,1,UA16 (https://www.notion.so/UA16-278d0976205d81429fc2c0c1c19e4b20?pvs=21),B763,,,0,,No,,0
YR-BGL,1,RO383 (https://www.notion.so/RO383-278d0976205d812dbc47e0f704c72950?pvs=21),B738,,,0,,No,,0
N14507,1,UA1863 (https://www.notion.so/UA1863-278d0976205d818c8554e43b45d2b3ae?pvs=21),A21N,,,0,,No,,0
PH-BKI,1,KL611 (https://www.notion.so/KL611-278d0976205d81448b8cf5316314b52a?pvs=21),B78X,,,0,,No,,0
N17254,1,UA2019 (https://www.notion.so/UA2019-278d0976205d812ea5e5d999a92ab223?pvs=21),B38M,,,0,,No,,0
N487UA,1,UA1293 (https://www.notion.so/UA1293-278d0976205d81259204d3967ed1d15c?pvs=21),A320,,,0,,No,,0
N44522,2,"UA746 (https://www.notion.so/UA746-278d0976205d8103962af69c63b8aa2c?pvs=21), UA1084 (https://www.notion.so/UA1084-278d0976205d81efb142f664fc232678?pvs=21)",A21N,,,0,,No,,0
N34282,1,UA1768 (https://www.notion.so/UA1768-278d0976205d81b9ab0bf5bfedad1135?pvs=21),B738,,,0,,No,,0
N881UA,1,UA2097 (https://www.notion.so/UA2097-278d0976205d8135a87bfd222cf0677d?pvs=21),A319,,,0,,No,,0
N57862,1,UA587 (https://www.notion.so/UA587-278d0976205d81e1b424cd41732f0dde?pvs=21),B753,,,0,,No,,0
N75858,1,UA2179 (https://www.notion.so/UA2179-278d0976205d819a940ec4b935b7dbaa?pvs=21),B753,,,0,,No,,0
N209UA,1,UA926 (https://www.notion.so/UA926-278d0976205d81dd88b1dcfee467c8c6?pvs=21),B772,A1B535,Boeing 777-222(ER),11,Pratt & Whitney PW4090 engines,No,30215,1999
D-AIUO,1,LH1670 (https://www.notion.so/LH1670-278d0976205d81398852d039d49e2041?pvs=21),A320,,,0,,No,,0
D-AIWI,1,LH104 (https://www.notion.so/LH104-278d0976205d811d92b7cf6eee71894a?pvs=21),A320,,,0,,No,,0
HB-AZE,1,LX1881 (https://www.notion.so/LX1881-278d0976205d81f78468fd21ac4b5a4b?pvs=21),E290,,,0,,No,,0
HB-AZI,1,LX734 (https://www.notion.so/LX734-278d0976205d81bdb353eb80afcbfde6?pvs=21),E295,,,0,,No,,0
PH-BVG,1,KL681 (https://www.notion.so/KL681-278d0976205d81739f99f6926e45e7f4?pvs=21),B77W,,,0,"Business class have sliding doors on this one vs other KLM 77W have had same product without sliding doors. ",No,,0
N47332,1,UA2064 (https://www.notion.so/UA2064-278d0976205d817bad90ed58d61a283f?pvs=21),B38M,,,0,,No,,0
N17599,1,UA587 (https://www.notion.so/UA587-278d0976205d81569809c1bdbd5cc035?pvs=21),B39M,,,0,,No,,0
*A320,2,"UA101 (https://www.notion.so/UA101-278d0976205d813abcd7d24147c1ffff?pvs=21), LH1418 (https://www.notion.so/LH1418-278d0976205d8155a3f4f20be8426b0d?pvs=21)",A320,,,,,Yes,,
*A319,1,4U3950 (https://www.notion.so/4U3950-278d0976205d819d8ca9c34448c3cbb7?pvs=21),A319,,,,,Yes,,
*B748,1,LH431 (https://www.notion.so/LH431-278d0976205d8148ac49f3cbae77b3d0?pvs=21),B748,,,,,Yes,,
*B752,3,"UA254 (https://www.notion.so/UA254-278d0976205d813587d1c722cf8c7f8e?pvs=21), UA945 (https://www.notion.so/UA945-27fd0976205d803e8fc2dea362a0136d?pvs=21), UA1112 (https://www.notion.so/UA1112-27fd0976205d803db74ed81049fc8a28?pvs=21)",B752,,,,,Yes,,
*CRJ7,1,UA6952 (https://www.notion.so/UA6952-278d0976205d8163b162f8d1e187a4ea?pvs=21),CRJ7,,,,,Yes,,
*E120,1,UA6354 (https://www.notion.so/UA6354-278d0976205d81f49438fd6fa757bb7b?pvs=21),E120,,,,,Yes,,
*B738,3,"AA959 (https://www.notion.so/AA959-278d0976205d812e8212d772404c99ca?pvs=21), AA1320 (https://www.notion.so/AA1320-278d0976205d81a7a410c1e3996dfa8b?pvs=21), AA2098 (https://www.notion.so/AA2098-27fd0976205d80de8fd8d7a93126ebca?pvs=21)",B738,,,,,Yes,,
*B753,1,CO32 (https://www.notion.so/CO32-27fd0976205d8062a7addd0186d6a241?pvs=21),B753,,,,,Yes,,
*B733,2,"CO246 (https://www.notion.so/CO246-27fd0976205d80c5b456dda5fb99f42f?pvs=21), WN453 (https://www.notion.so/WN453-27fd0976205d808ca990fbd207f1213b?pvs=21)",B733,,,,,Yes,,
*B737,3,"WN2136 (https://www.notion.so/WN2136-27fd0976205d80d2a571e2b4d1644728?pvs=21), WN3581 (https://www.notion.so/WN3581-27fd0976205d80f68f09ea3dace89ee9?pvs=21), WN2136 (https://www.notion.so/WN2136-27fd0976205d80729b9fe50d78748e63?pvs=21)",B737,,,,,Yes,,
*E190,1,B6921 (https://www.notion.so/B6921-27fd0976205d803fb022c76f7303b78d?pvs=21),E190,,,,,Yes,,
*Unknown,8,"LX8 (https://www.notion.so/LX8-280d0976205d8002954afaade5d726b4?pvs=21), LX9 (https://www.notion.so/LX9-27fd0976205d80ca8524e7b09d310b2d?pvs=21), KL1389 (https://www.notion.so/KL1389-280d0976205d80f1856af781544f8867?pvs=21), KL1358 (https://www.notion.so/KL1358-280d0976205d8074a210e52ffdace0ee?pvs=21), AZ629 (https://www.notion.so/AZ629-280d0976205d80158ceff0e75b6ae8d8?pvs=21), AZ628 (https://www.notion.so/AZ628-280d0976205d8032861fec8643ed9945?pvs=21), US1266 (https://www.notion.so/US1266-280d0976205d807184b0c69f533ca7cf?pvs=21), US958 (https://www.notion.so/US958-280d0976205d80b7bb7debedc78572a5?pvs=21)",UFO,,,,,Yes,,
*B744,2,"KL612 (https://www.notion.so/KL612-280d0976205d806aa5c7c8138912f5eb?pvs=21), KL611 (https://www.notion.so/KL611-280d0976205d80f380ebd801f61f8c6c?pvs=21)",B744,,,,,No,,