Flight Number,Class,Date,Dest,Gate,Id,IdOld,Notes,Origin,Seat,Tail_ref,Term,Type_ref
UA101,e,2011/04/15,LAX,C19,21,1,,ORD,16C,*A320 (https://www.notion.so/A320-27ed0976205d80ae9b28f0c61129ff22?pvs=21),1,A320
UA6354,e,2011/04/15,SBA,71B1,22,2,,LAX,3A,*E120 (https://www.notion.so/E120-27ed0976205d8099b284d08b776ebd69?pvs=21),8,E120
UA6952,e,2011/04/23,DEN,,23,3,,SBA,17B,*CRJ7 (https://www.notion.so/CRJ7-27ed0976205d8030b74df36343fc9053?pvs=21),-,CRJ7
UA254,e,2011/04/23,ORD,B46,24,4,,DEN,23C,*B752 (https://www.notion.so/B752-27ed0976205d806c9b55e825c80f0bf5?pvs=21),B,B752
AS21,e,2014/12/23,SEA,L8,25,5,,ORD,28A,N315AS (https://www.notion.so/N315AS-27ed0976205d81cfb74fd0c6ee962b7b?pvs=21),3,B739
AS22,e,2015/01/06,ORD,9,26,6,,SEA,6D,N305AS (https://www.notion.so/N305AS-27ed0976205d813ab02cc4984e734885?pvs=21),-,B739
LH431,e,2015/03/31,FRA,B17,27,7,,ORD,31D,*B748 (https://www.notion.so/B748-27ed0976205d80cfae48cf915c5f11bd?pvs=21),1,B748
4U3950,e,2015/07/19,DBV,1,28,8,,HAJ,1D,*A319 (https://www.notion.so/A319-27ed0976205d8075be70edc65a06fa1a?pvs=21),A,A319
4U9961,e,2015/07/24,DUS,,29,9,,SPU,,D-AKNU (https://www.notion.so/D-AKNU-27ed0976205d8188b15dea3782037155?pvs=21),,A319
LH63,e,2015/07/29,FRA,A05,30,10,,FMO,5F,D-ACNC (https://www.notion.so/D-ACNC-27ed0976205d8192824df4abfd1f0220?pvs=21),-,CRJ9
LH1418,e,2015/07/29,OTP,B59,31,11,,FRA,12D,*A320 (https://www.notion.so/A320-27ed0976205d80ae9b28f0c61129ff22?pvs=21),,A320
LH1653,e,2015/08/08,MUC,13,32,12,,OTP,12D,D-AIZM (https://www.notion.so/D-AIZM-27ed0976205d815e9294f12df57487e9?pvs=21),-,A320
LH2138,e,2015/08/08,FMO,G16,33,13,,MUC,10D,D-AILX (https://www.notion.so/D-AILX-27ed0976205d810d8fd1dd518e7aa375?pvs=21),2,A319
OK526,e,2015/08/16,DUS,C15,34,14,,PRG,4A,OK-GFS (https://www.notion.so/OK-GFS-27ed0976205d8107a9d9f4ea1abc591f?pvs=21),2,AT75
SQ26,b,2015/08/19,JFK,B46,35,15,Award upgrade,FRA,96A,9V-SKL (https://www.notion.so/9V-SKL-27ed0976205d810eb9bcda4ea733931d?pvs=21),1,A388
AA131,f,2015/08/19,ORD,C39,36,16,,JFK,4F,N894NN (https://www.notion.so/N894NN-27ed0976205d818e81d6cd9d0e7586d9?pvs=21),8,B738
AA2225,b,2016/06/28,LAX,H15,37,17,Full business class seat as domestic first,ORD,1A,N802AN (https://www.notion.so/N802AN-27ed0976205d81408d66cb8834ef8b69?pvs=21),3,B788
AA1926,f,2016/07/04,LAX,47,38,18,,SFO,1F,N927UW (https://www.notion.so/N927UW-27ed0976205d817598a3dec6d8081016?pvs=21),2,A321
AA317,f,2016/07/05,ORD,47A,39,19,,LAX,4F,N914AN (https://www.notion.so/N914AN-27ed0976205d814ea393d703429026eb?pvs=21),4,B738
AA1503,e,2016/09/22,BOS,K12,40,20,,ORD,11F,N979NN (https://www.notion.so/N979NN-27ed0976205d81f58bf8e3a7aca7048c?pvs=21),3,B738
AA40,e,2016/09/25,ORD,B33,41,21,,BOS,10F,N853NN (https://www.notion.so/N853NN-27ed0976205d812f9cb5e6c9447d63a7?pvs=21),B,B738
AA365,e,2016/10/27,JFK,H6,42,22,Diverted to JFK because Mike Pence’s plane crashed at LGA,ORD,12D,N932AN (https://www.notion.so/N932AN-27ed0976205d8143a0d3e0704cdfa309?pvs=21),3,B738
AA359,e,2016/10/30,ORD,D10,43,23,,LGA,15D,N875NN (https://www.notion.so/N875NN-27ed0976205d819bb9f7c5c17dd005d7?pvs=21),,B738
AB7421,e,2016/11/18,TXL,,44,24,,ORD,18G,D-ABXA (https://www.notion.so/D-ABXA-27ed0976205d81ba9f9bdb867e2ae5ce?pvs=21),,A332
AB8704,e,2016/11/19,FCO,,45,25,,TXL,2D,D-ABZB (https://www.notion.so/D-ABZB-27ed0976205d81448cc9d7f99ec95d5d?pvs=21),,A320
AB8705,e,2016/11/26,TXL,B15,46,26,,FCO,2D,D-ABZJ (https://www.notion.so/D-ABZJ-27ed0976205d8114b030c5acd65f9056?pvs=21),,A320
AB7420,e,2016/11/27,ORD,C88,47,27,,TXL,25G,D-ALPJ (https://www.notion.so/D-ALPJ-27ed0976205d818fbe7df04735d4f338?pvs=21),,A332
AA2518,f,2016/12/22,DFW,K9,48,28,,ORD,1F,N163AA (https://www.notion.so/N163AA-27ed0976205d8187973ffa8f7fff14ad?pvs=21),3,A321
AA281,b,2016/12/23,ICN,D29A,49,29,,DFW,7A,N774AN (https://www.notion.so/N774AN-27ed0976205d811d80c7ce9b2d535042?pvs=21),D,B772
JL954,e,2017/01/01,NRT,102,50,30,,ICN,16C,JA-304J (https://www.notion.so/JA-304J-27ed0976205d8159aa82d7107bc33f9e?pvs=21),1,B738
AA154,b,2017/01/01,ORD,,51,31,,NRT,4A,N804AN (https://www.notion.so/N804AN-27ed0976205d818a8058e89511081c07?pvs=21),2,B788
AA1320,e,2017/01/13,BOS,K16,52,32,,ORD,14A,*B738 (https://www.notion.so/B738-27ed0976205d807595c5e2b719aad40c?pvs=21),3,B738
AA40,e,2017/01/16,ORD,B30,53,33,,BOS,7F,N826NN (https://www.notion.so/N826NN-27ed0976205d81729dcedf831f987bbb?pvs=21),B,B738
AA334,e,2017/02/17,MIA,K9,54,34,,ORD,13B,N398AN (https://www.notion.so/N398AN-27ed0976205d81afa4d2ce5c57b99e1a?pvs=21),3,B763
AA959,f,2017/02/17,PTY,D9,55,35,,MIA,5F,*B738 (https://www.notion.so/B738-27ed0976205d807595c5e2b719aad40c?pvs=21),,B738
AA4704,f,2017/02/20,MIA,5,56,36,,PTY,,N413YX (https://www.notion.so/N413YX-27ed0976205d81af8510e2c4b7dcf958?pvs=21),1,E75L
AA1287,e,2017/02/21,ORD,D47,57,37,,MIA,10F,N677AN (https://www.notion.so/N677AN-27ed0976205d81a1afafd422981dbe53?pvs=21),,B752
AA1257,f,2017/03/24,BOS,K20,58,38,,ORD,5E,N821NN (https://www.notion.so/N821NN-27ed0976205d814ba81beb8ee892b35c?pvs=21),3,B738
AA2253,f,2017/03/27,ORD,B30,59,39,,BOS,5F,N803NN (https://www.notion.so/N803NN-27ed0976205d81f5aa96d8323893552c?pvs=21),B,B738
AA3497,e,2017/06/06,YYZ,G1A,60,40,,ORD,12C,N676AE (https://www.notion.so/N676AE-27ed0976205d81d8b657f76a4ae539b2?pvs=21),3,E145
BA92,b,2017/06/06,LHR,,61,41,,YYZ,10A,G-ZBKH (https://www.notion.so/G-ZBKH-27ed0976205d81a387bbd873a30c3829?pvs=21),,B789
BA886,b,2017/06/07,OTP,,62,42,,LHR,3C,G-EUUT (https://www.notion.so/G-EUUT-27ed0976205d818eaccbde65ccfac7dc?pvs=21),,A320
BA885,b,2017/06/15,LHR,,63,43,,OTP,1F,G-EUXJ (https://www.notion.so/G-EUXJ-27ed0976205d8110be13c75c68a02f5e?pvs=21),-,A321
BA297,b,2017/06/15,ORD,,64,44,Last time on a 744,LHR,61A,G-BYGA (https://www.notion.so/G-BYGA-27ed0976205d8158874def40676131b1?pvs=21),,B744
AA1320,e,2017/06/23,BOS,H18,65,45,,ORD,15F,N878NN (https://www.notion.so/N878NN-27ed0976205d81c3b9fad39f94f97649?pvs=21),3,B738
AA2419,e,2017/06/30,SEA,H5,67,47,,ORD,14D,N959NN (https://www.notion.so/N959NN-27ed0976205d817ab0d9df52e96ad9d4?pvs=21),3,B738
AA1404,e,2017/06/28,ORD,B32,66,46,,BOS,15F,N833NN (https://www.notion.so/N833NN-27ed0976205d81ada98ec37fe0952840?pvs=21),B,B738
AA2225,e,2017/08/04,LAX,H15,69,49,,ORD,11J,N814AA (https://www.notion.so/N814AA-27ed0976205d81da8b11ef4633ed37b8?pvs=21),3,B788
AA2631,f,2017/07/04,ORD,D7,68,48,,SEA,5F,N919NN (https://www.notion.so/N919NN-27ed0976205d8195bd23fd6d5b99f1e6?pvs=21),-,B738
AA73,b,2017/08/04,SYD,41,70,50,C at gate,LAX,13G,N721AN (https://www.notion.so/N721AN-27ed0976205d81b8a235da15c0c310ab?pvs=21),4,B77W
QF437,e,2017/08/10,MEL,,71,51,,SYD,31K,VH-EBQ (https://www.notion.so/VH-EBQ-27ed0976205d81b88ecdc66d9ae6cc60?pvs=21),3,A332
QF35,e,2017/08/13,SIN,,72,52,,MEL,28B,VH-EBN (https://www.notion.so/VH-EBN-27ed0976205d81f08c02c0c63b60e8ee?pvs=21),,A332
3K685,e,2017/08/19,KUL,,73,53,,SIN,1E,9V-JSA (https://www.notion.so/9V-JSA-27ed0976205d81c38e3ffd03eef16c09?pvs=21),,A320
3K688,e,2017/08/19,SIN,,74,54,,KUL,1E,9V-JSJ (https://www.notion.so/9V-JSJ-27ed0976205d8147ab98f83bf67b697a?pvs=21),,A320
JL712,e,2017/08/22,NRT,,75,55,,SIN,60H,JA-619J (https://www.notion.so/JA-619J-27ed0976205d813185c7d1974786465c?pvs=21),,B763
AA170,b,2017/08/22,LAX,,76,56,C confirmed,NRT,7H,N824AN (https://www.notion.so/N824AN-27ed0976205d8143a74ce42f413053d3?pvs=21),2,B789
AA2576,b,2017/08/22,ORD,,77,57,Ticket in email for confirm WNQPGS says “Class: First (C)” which should make this a regular lie-flat business seat given the AC Type.,LAX,6L,N819AN (https://www.notion.so/N819AN-27ed0976205d815cb12cca6be32006e3?pvs=21),,B788
AA1085,f,2017/09/01,SEA,K20,78,58,,ORD,3F,N871NN (https://www.notion.so/N871NN-27ed0976205d811da686e0d9995a85a0?pvs=21),3,B738
AA1624,f,2017/09/06,ORD,D8,79,59,,SEA,5F,N894NN (https://www.notion.so/N894NN-27ed0976205d818e81d6cd9d0e7586d9?pvs=21),-,B738
AA2626,e,2017/09/22,BOS,H9,80,60,,ORD,7F,N921NN (https://www.notion.so/N921NN-27ed0976205d81368971d5b76177b95d?pvs=21),3,B738
AA1319,e,2017/09/26,ORD,B30,81,61,IFE,BOS,15F,N939NN (https://www.notion.so/N939NN-27ed0976205d810a95f8f63fda0d45bb?pvs=21),B,B738
AA46,e,2017/09/27,LHR,K9,82,62,"2nd, dent in cargo door",ORD,9L,N814AA (https://www.notion.so/N814AA-27ed0976205d81da8b11ef4633ed37b8?pvs=21),3,B788
BA714,e,2017/09/28,ZRH,,83,63,,LHR,10C,G-EUPG (https://www.notion.so/G-EUPG-27ed0976205d81f4975fd73e5ac74751?pvs=21),,A319
AA65,e,2017/10/09,JFK,,84,64,"No plugs, no IFE",ZRH,12J,N399AN (https://www.notion.so/N399AN-27ed0976205d814cac48e7bc165ca8ac?pvs=21),,B763
AA2270,f,2017/10/09,ORD,,85,65,,JFK,5F,N920AN (https://www.notion.so/N920AN-27ed0976205d81ad8508ebc1c8ad3dfc?pvs=21),,B738
AA2740,e,2017/10/20,BOS,H11A,86,66,,ORD,15F,N937NN (https://www.notion.so/N937NN-27ed0976205d81739e11ce40beda7f50?pvs=21),3,B738
AA1404,e,2017/10/24,ORD,B35,87,67,,BOS,15F,N936NN (https://www.notion.so/N936NN-27ed0976205d81808420f22d23f2fe3a?pvs=21),B,B738
AA1085,f,2017/11/09,SEA,K8,88,68,,ORD,5A,N916AN (https://www.notion.so/N916AN-27ed0976205d818f8116c100d6c438d2?pvs=21),3,B738
AA1624,e,2017/11/13,ORD,D7,89,69,,SEA,15F,N955AN (https://www.notion.so/N955AN-27ed0976205d81aeb0b6fbca5daecb89?pvs=21),-,B738
AA1326,f,2017/11/23,BOS,H11B,90,70,"IFE, plane change, gate change, C confirmed",ORD,5F,N949NN (https://www.notion.so/N949NN-27ed0976205d8189b172d1cb96c952ab?pvs=21),3,B738
AA89,e,2017/11/28,ORD,B30,91,71,,BOS,15A,N847NN (https://www.notion.so/N847NN-27ed0976205d81e38955e798b00f4f5b?pvs=21),B,B738
AA1220,e,2017/12/21,SFO,L10B,92,72,,ORD,15F,N344PP (https://www.notion.so/N344PP-27ed0976205d81ca99a5df09aa75713f?pvs=21),3,B738
JL1,p,2017/12/21,HND,A5,93,73,,SFO,20K,JA-741J (https://www.notion.so/JA-741J-27ed0976205d81aabd11ecc8fd49affa?pvs=21),International,B77W
RS763,e,2017/12/29,ICN,1,94,74,,KIX,3A,HL8255 (https://www.notion.so/HL8255-27ed0976205d818e9292eb79e1ab27e1?pvs=21),,A321
JL10,p,2018/01/01,ORD,62,96,76,,NRT,21K,JA-737J (https://www.notion.so/JA-737J-27ed0976205d81e6b80df388def2af93?pvs=21),2,B77W
JL92,e,2017/12/31,HND,38,95,75,Seat pitch unbearable,GMP,26K,JA-834J (https://www.notion.so/JA-834J-27ed0976205d812ab58ef5a0acd8b6d5?pvs=21),International,B788
AA1085,f,2018/02/09,SEA,K20,97,77,C confirmed,ORD,4F,N990AN (https://www.notion.so/N990AN-27ed0976205d814f8d15eb8c8d11842d?pvs=21),3,B738
AA2573,f,2018/02/13,ORD,D7,98,78,"IFE, C confirmed",SEA,5F,N965NN (https://www.notion.so/N965NN-27ed0976205d813c93fadae0c9b943b8?pvs=21),-,B738
AA1239,e,2018/03/26,SEA,K1,99,79,"Viasat, 2 hour delay from LGA",ORD,15F,N979AN (https://www.notion.so/N979AN-27ed0976205d817482a3f30f213c92dd?pvs=21),3,B738
AA1097,e,2018/03/29,ORD,D7,100,80,,SEA,15F,N971AN (https://www.notion.so/N971AN-27ed0976205d818c9a4cd6890093d7e5?pvs=21),-,B738
AA2689,e,2018/04/03,ORD,B35,102,82,Rodica miles,BOS,15A,N968AN (https://www.notion.so/N968AN-27ed0976205d81458e00fbbd05d9a512?pvs=21),B,B738
AA2614,e,2018/03/30,BOS,L10B,101,81,"IFE, Rodica miles",ORD,15F,N948NN (https://www.notion.so/N948NN-27ed0976205d8179a3bec573df8e32a9?pvs=21),3,B738
AA1571,e,2018/04/09,LAX,H4,103,83,IFE,ORD,15F,N988NN (https://www.notion.so/N988NN-27ed0976205d81ff985ef80a39a16bf2?pvs=21),3,B738
AA362,e,2018/04/13,ORD,48B,104,84,,LAX,15A,N997NN (https://www.notion.so/N997NN-27ed0976205d81e9ac7bcc226fd6c16e?pvs=21),4,B738
AA2387,e,2018/05/11,BOS,H11B,105,85,,ORD,15E,N886NN (https://www.notion.so/N886NN-27ed0976205d8178ab39c8412c3a3bff?pvs=21),3,B738
AA1319,e,2018/05/13,ORD,B32,106,86,,BOS,15E,N852NN (https://www.notion.so/N852NN-27ed0976205d8134ba91e1029be70dfe?pvs=21),B,B738
AA3389,e,2018/06/13,CVG,G7,107,87,,ORD,12B,N928AE (https://www.notion.so/N928AE-27ed0976205d8143b4d1c79e2c557551?pvs=21),3,E145
AA3806,e,2018/06/13,MIA,B18,108,88,,CVG,12B,N684JW (https://www.notion.so/N684JW-27ed0976205d818b8e7afb476e3925d6?pvs=21),-,E145
AA917,b,2018/06/13,LIM,D15,109,89,C confirmed,MIA,3F,N198AA (https://www.notion.so/N198AA-27ed0976205d817398e1fc51c43675d0?pvs=21),,B752
LA2035,e,2018/06/17,CUZ,9,110,90,,LIM,13B,CC-BFM (https://www.notion.so/CC-BFM-27ed0976205d8139a888c750454a5f77?pvs=21),,A320
LA2034,e,2018/06/19,LIM,5,111,91,,CUZ,13A,CC-BFQ (https://www.notion.so/CC-BFQ-27ed0976205d8155af9bd72e9a4c8d5d?pvs=21),,A320
AA1495,e,2018/06/20,ORD,D3,113,93,,MIA,15E,N890NN (https://www.notion.so/N890NN-27ed0976205d81d0bfe6f0bd7cdd55ad?pvs=21),,B738
AA918,b,2018/06/19,MIA,19,112,92,C confirmed,LIM,8D,N349AN (https://www.notion.so/N349AN-27ed0976205d81778bb6f8f5e1efc39b?pvs=21),,B763
AA1485,e,2018/07/20,SEA,H18,114,94,,ORD,15A,N860NN (https://www.notion.so/N860NN-27ed0976205d81bfbecdcbac8a8e2ab3?pvs=21),3,B738
AA2704,f,2018/07/24,ORD,D10,115,95,"IFE, C confirmed",SEA,6F,N301NW (https://www.notion.so/N301NW-27ed0976205d8187bd85ecfc92a51903?pvs=21),-,B738
AA1854,e,2018/08/10,PHL,H16,116,96,C confirmed,ORD,10A,N916US (https://www.notion.so/N916US-27ed0976205d8135abaeef9ada3ff1b5?pvs=21),3,A321
AA5146,e,2018/08/13,CAK,F36,117,97,,PHL,1D,N220PS (https://www.notion.so/N220PS-27ed0976205d811996aef2ac713545a7?pvs=21),,CRJ2
AA3027,e,2018/08/13,ORD,4A,118,98,,CAK,8D,N955SW (https://www.notion.so/N955SW-27ed0976205d81d7af78e9131aa87f3e?pvs=21),,CRJ2
AA2264,e,2018/09/09,BOS,K4,119,99,,ORD,14F,N316PF (https://www.notion.so/N316PF-27ed0976205d81ef948fd8a2bfcde72f?pvs=21),3,B738
AA1509,f,2018/09/13,ORD,B6,120,100,,BOS,4F,N316PF (https://www.notion.so/N316PF-27ed0976205d81ef948fd8a2bfcde72f?pvs=21),B,B738
AA2429,e,2018/10/15,DFW,L10,121,101,,ORD,15E,N306NY (https://www.notion.so/N306NY-27ed0976205d818a88c1ff63cbb33d70?pvs=21),3,B738
AA263,e,2018/10/15,PEK,D30,122,102,,DFW,12A,N808AN (https://www.notion.so/N808AN-27ed0976205d818391bbe5d57fa1dd5a?pvs=21),D,B788
CZ323,e,2018/10/16,CAN,50,123,103,,PEK,31K,B-1843 (https://www.notion.so/B-1843-27ed0976205d81e688ece1f27fff2f53?pvs=21),,A321
CX367,p,2018/10/24,HKG,D87,124,104,,PVG,30K,B-LBJ (https://www.notion.so/B-LBJ-27ed0976205d815fa10cc815fc51f063?pvs=21),,A333
CX806,p,2018/10/25,ORD,4,125,105,,HKG,34K,B-KPI (https://www.notion.so/B-KPI-27ed0976205d81048722e38dfcb9389c?pvs=21),,B77W
AA1485,e,2018/11/21,SEA,H11A,126,106,Retro livery 738 TWA,ORD,15E,N915NN (https://www.notion.so/N915NN-27ed0976205d81c784a3e8e3481099ec?pvs=21),3,B738
AA1529,f,2018/11/26,STL,D9,127,107,"Diverted STL for fuel-ORD runway snow removal, then went to ORD after some time",SEA,5E,N968AN (https://www.notion.so/N968AN-27ed0976205d81458e00fbbd05d9a512?pvs=21),-,B738
AA1625,p,2018/12/24,DFW,K5,128,108,Converted 788 with PE section,ORD,9A,N800AN (https://www.notion.so/N800AN-27ed0976205d81deb893e9d1c52dc870?pvs=21),3,B788
AA281,b,2018/12/24,ICN,D36,129,109,"Female captain, C confirmed",DFW,6H,N836AA (https://www.notion.so/N836AA-27ed0976205d8143806fd777077c7357?pvs=21),D,B789
CZ316,e,2018/12/25,PEK,,130,110,,ICN,31K,B-6342 (https://www.notion.so/B-6342-27ed0976205d817cb1c4e82a01abed04?pvs=21),1,A321
3U8516,e,2018/12/26,CKG,C53,131,111,,PEK,,B-6176 (https://www.notion.so/B-6176-27ed0976205d8111a36ffc454b48683c?pvs=21),3,A319
MU2846,e,2018/12/30,NKG,F24,132,112,,CKG,33L,B-301Z (https://www.notion.so/B-301Z-27ed0976205d81329923ca2555e374db?pvs=21),,A20N
AA262,e,2019/01/03,LAX,10,133,113,"Rebooking disaster, DFW diverted to LAX-sick pilot",PEK,12B,N809AA (https://www.notion.so/N809AA-27ed0976205d81e8ab72f948b34ac23b?pvs=21),2,B788
AA2431,e,2019/01/03,ORD,49A,134,114,,LAX,11C,N900UW (https://www.notion.so/N900UW-27ed0976205d81ac8919e3ee5ac043a6?pvs=21),4,A321
AA795,e,2019/01/18,BOS,K6,135,115,,ORD,5C,N912UY (https://www.notion.so/N912UY-27ed0976205d8111b0e8d3d506803768?pvs=21),3,A321
AA2387,e,2019/01/21,ORD,B12,136,116,,BOS,15F,N979NN (https://www.notion.so/N979NN-27ed0976205d81f58bf8e3a7aca7048c?pvs=21),B,B738
AA1213,e,2019/02/15,SEA,H4,137,117,,ORD,7F,N339PL (https://www.notion.so/N339PL-27ed0976205d819abe92d9b91e6377b5?pvs=21),3,B738
AA1540,e,2019/02/19,ORD,D11,138,118,,SEA,15F,N955AN (https://www.notion.so/N955AN-27ed0976205d81aeb0b6fbca5daecb89?pvs=21),-,B738
AA86,p,2019/03/20,LHR,K12,139,119,,ORD,8L,N818AL (https://www.notion.so/N818AL-27ed0976205d810587a6fc33999cda2a?pvs=21),3,B788
BA309,e,2019/03/27,LHR,44,140,120,No lavatories,CDG,26F,G-EUXF (https://www.notion.so/G-EUXF-27ed0976205d81029f74cad9229950bc?pvs=21),2A,A321
AA91,p,2019/03/27,ORD,24,141,121,788 PE retrofit,LHR,7L,N802AN (https://www.notion.so/N802AN-27ed0976205d81408d66cb8834ef8b69?pvs=21),3,B788
AA1352,e,2019/04/20,LAX,H14,142,122,,ORD,8A,N122NN (https://www.notion.so/N122NN-27ed0976205d81bf86a7f1daef2ecafc?pvs=21),3,A321
AA1029,e,2019/04/23,ORD,50B,143,123,,LAX,9B,N901AA (https://www.notion.so/N901AA-27ed0976205d8115a599df8f81857606?pvs=21),5,A321
AA345,e,2019/05/06,SFO,H12,144,124,,ORD,8E,N873NN (https://www.notion.so/N873NN-27ed0976205d81eda0d6e8032a0c9dd5?pvs=21),3,B738
AA1253,e,2019/05/08,ORD,56B,145,125,,SFO,7F,N952NN (https://www.notion.so/N952NN-27ed0976205d810c986bd6261b929c53?pvs=21),2,B738
AA46,e,2019/05/20,LHR,K16,146,126,,ORD,12A,N829AN (https://www.notion.so/N829AN-27ed0976205d815eb556d6300d015db4?pvs=21),3,B789
BA297,e,2019/05/28,ORD,C63,147,127,,LHR,80A,G-XLEE (https://www.notion.so/G-XLEE-27ed0976205d8196872ec6f509e8365c?pvs=21),5,A388
AA2321,e,2019/05/31,BOS,H11B,148,128,,ORD,15F,N939AN (https://www.notion.so/N939AN-27ed0976205d8171bfa7d61e1fda39ae?pvs=21),3,B738
AA2265,e,2019/06/03,ORD,B9,149,129,,BOS,9F,N141NN (https://www.notion.so/N141NN-27ed0976205d81739151dd7018caeb14?pvs=21),B,A321
AA3236,e,2019/07/04,YYZ,G5,150,130,,ORD,9B,N763SK (https://www.notion.so/N763SK-27ed0976205d817a8408cc9deb84b3f4?pvs=21),3,CRJ7
AA3033,e,2019/07/06,ORD,A9,151,131,,YYZ,4D,N746SK (https://www.notion.so/N746SK-27ed0976205d81e39bfcd66c6e77b2bc?pvs=21),3,CRJ7
AA1217,f,2019/08/07,DFW,H14,152,132,,ORD,3F,N139AN (https://www.notion.so/N139AN-27ed0976205d81588792e39b59b1e67b?pvs=21),3,A321
AA61,b,2019/08/07,NRT,D29,153,133,,DFW,4A,N781AN (https://www.notion.so/N781AN-27ed0976205d8183bb53cceab5517381?pvs=21),D,B772
LJ284,e,2019/08/13,ICN,30,154,134,photo,KIX,36D,HL7557 (https://www.notion.so/HL7557-27ed0976205d812abeb4f3e13307bddb?pvs=21),1,B738
AA280,e,2019/08/14,DFW,31,155,135,,ICN,14D,N827AN (https://www.notion.so/N827AN-27ed0976205d816eabd7d39123183434?pvs=21),1,B789
AA2585,f,2019/08/14,ORD,A29,156,136,,DFW,2F,N141NN (https://www.notion.so/N141NN-27ed0976205d81739151dd7018caeb14?pvs=21),A,A321
AA1485,e,2019/08/30,SEA,K3,157,137,,ORD,15F,N901AN (https://www.notion.so/N901AN-27ed0976205d81acaf0af20c06d38896?pvs=21),3,B738
AA1540,e,2019/09/03,ORD,D9,158,138,,SEA,9F,N936AN (https://www.notion.so/N936AN-27ed0976205d812294cbcdbffdf284c8?pvs=21),-,B738
AA2634,e,2019/09/14,SFO,H15,159,139,,ORD,15F,N905AN (https://www.notion.so/N905AN-27ed0976205d81838a23cf9f6d874583?pvs=21),3,B738
AA363,e,2019/09/16,ORD,57,160,140,,SFO,22C,N521UW (https://www.notion.so/N521UW-27ed0976205d815f8521f74f21835260?pvs=21),2,A321
AA2384,e,2019/10/26,BOS,H14,161,141,,ORD,9A,N143AN (https://www.notion.so/N143AN-27ed0976205d8175b9aef6e09c7757a1?pvs=21),3,A321
AA2265,e,2019/10/28,ORD,B16,162,142,"5 hour+ maintenance delay, very old decaying seats",BOS,5F,N171US (https://www.notion.so/N171US-27ed0976205d810aaa4af3c9d6218da1?pvs=21),B,A321
AA1363,f,2019/11/15,BWI,H16,163,143,,ORD,4F,N957NN (https://www.notion.so/N957NN-27ed0976205d8142b4add8995cb35a7a?pvs=21),3,B738
AA2582,f,2019/11/18,ORD,C4,164,144,,BWI,6F,N899NN (https://www.notion.so/N899NN-27ed0976205d818aa603f0450550f15f?pvs=21),C,B738
AA1240,e,2019/11/27,SEA,K20,165,145,,ORD,8A,N931AN (https://www.notion.so/N931AN-27ed0976205d81e2bf56f363ace3efe3?pvs=21),3,B738
AA2586,f,2019/12/01,ORD,D10,166,146,,SEA,5A,N950NN (https://www.notion.so/N950NN-27ed0976205d819b9476c62c8b9fdc12?pvs=21),-,B738
AA592,e,2019/12/10,OMA,H18,167,147,,ORD,10F,N755US (https://www.notion.so/N755US-27ed0976205d819f9fa6ee4a5f2e40e1?pvs=21),3,A319
AA3563,f,2019/12/13,ORD,A8,168,148,,OMA,2F,N238NN (https://www.notion.so/N238NN-27ed0976205d813992bace14b4eef50a?pvs=21),-,E75S
AA1211,e,2019/12/24,EWR,K8,169,149,,ORD,9F,N809NN (https://www.notion.so/N809NN-27ed0976205d818089c8f6f582d20e84?pvs=21),3,B738
AA2693,e,2019/12/26,ORD,38,170,150,,EWR,10A,N803NN (https://www.notion.so/N803NN-27ed0976205d81f5aa96d8323893552c?pvs=21),A,B738
AA1676,e,2019/12/27,CLT,H16,171,151,,ORD,9A,N804NN (https://www.notion.so/N804NN-27ed0976205d817c8f12c9b5f5804348?pvs=21),3,B738
AA704,b,2019/12/27,FRA,D5,172,152,,CLT,3F,N282AY (https://www.notion.so/N282AY-27ed0976205d8176af7fd8a0ae383c45?pvs=21),-,A332
EY2,e,2019/12/28,AUH,B28,173,153,,FRA,38D,A6-ETK (https://www.notion.so/A6-ETK-27ed0976205d81cabe7aca359d4256d3?pvs=21),1,B77W
EY31,e,2020/01/06,CDG,60,174,154,,AUH,41A,A6-APE (https://www.notion.so/A6-APE-27ed0976205d81359c2ee8a772e27f1a?pvs=21),3,A388
AA151,e,2020/01/06,ORD,A38,175,155,788 PE retrofit,CDG,11A,N800AN (https://www.notion.so/N800AN-27ed0976205d81deb893e9d1c52dc870?pvs=21),2,B788
AA2798,e,2020/01/07,SFO,L2A,176,156,Retro livery 738 Reno Air,ORD,8F,N916NN (https://www.notion.so/N916NN-27ed0976205d81d88d66d4a91ad8116d?pvs=21),3,B738
AA1045,e,2020/02/08,SEA,K10,178,158,GOGZCC,ORD,8A,N896NN (https://www.notion.so/N896NN-27ed0976205d81b1a0fef659553b24df?pvs=21),3,B738
UA780,e,2020/01/18,ORD,F14,177,157,,SFO,9F,N77871 (https://www.notion.so/N77871-27ed0976205d810abf4ac6ce9dfc6376?pvs=21),3,B753
AA1540,f,2020/02/11,ORD,D11,179,159,,SEA,4A,N905AN (https://www.notion.so/N905AN-27ed0976205d81838a23cf9f6d874583?pvs=21),-,B738
AA1465,e,2020/02/23,SFO,H17,180,160,ISOVVC,ORD,9A,N938AN (https://www.notion.so/N938AN-27ed0976205d8112b5f5f27f45934ff7?pvs=21),3,B738
AA2634,e,2020/02/28,ORD,C7,181,161,,SFO,7A,N936NN (https://www.notion.so/N936NN-27ed0976205d81808420f22d23f2fe3a?pvs=21),1,B738
AA2682,e,2020/03/06,BOS,K3,182,162,,ORD,9A,N344PP (https://www.notion.so/N344PP-27ed0976205d81ca99a5df09aa75713f?pvs=21),3,B738
AA1109,e,2020/03/09,ORD,B7,183,163,,BOS,8A,N918AN (https://www.notion.so/N918AN-27ed0976205d81a5a711e3bf6aeeb2ea?pvs=21),B,B738
AA3599,e,2020/07/18,SAV,L24,184,164,,ORD,8A,N241NN (https://www.notion.so/N241NN-27ed0976205d812898d7d0f4bae26f81?pvs=21),3,E170
AA2922,e,2020/07/21,DFW,8,185,165,,SAV,10F,N771XF (https://www.notion.so/N771XF-27ed0976205d8113b794f3597a7610e0?pvs=21),-,A319
AA2585,e,2020/07/21,ORD,C8,186,166,,DFW,8A,N940AN (https://www.notion.so/N940AN-27ed0976205d8138966df7dfca8d2e0d?pvs=21),C,B738
AA1211,f,2020/08/15,EWR,H11,187,167,,ORD,1A,N876NN (https://www.notion.so/N876NN-27ed0976205d8173b5d7cabc6a51fb08?pvs=21),3,B738
AA2723,e,2020/08/29,BOS,K20,188,168,,ORD,7A,N951NN (https://www.notion.so/N951NN-27ed0976205d814cb089db5fcb631e52?pvs=21),3,B738
AA1509,f,2020/09/02,ORD,B7,189,169,,BOS,3F,N354PT (https://www.notion.so/N354PT-27ed0976205d8151afefe73c54dd8a67?pvs=21),B,B738
AA2052,f,2020/09/26,CLT,K10,190,170,,ORD,1F,N119US (https://www.notion.so/N119US-27ed0976205d813a8e36cfb8054d9257?pvs=21),3,A320
AA1017,e,2020/09/28,ORD,A6,191,171,,CLT,10A,N554UW (https://www.notion.so/N554UW-27ed0976205d8145b19dc4c85c2b09dc?pvs=21),-,A321
AA1165,e,2020/10/03,SEA,K4,192,172,,ORD,8A,N989NN (https://www.notion.so/N989NN-27ed0976205d813aa73efb7726981b7b?pvs=21),3,B738
AA1240,f,2020/10/06,ORD,D11,193,173,,SEA,1F,N898NN (https://www.notion.so/N898NN-27ed0976205d81a885f4e134c9430e19?pvs=21),-,B738
DL466,e,2020/11/07,LGA,E16,194,174,,ORD,11E,N111NG (https://www.notion.so/N111NG-27ed0976205d8192bb58d5aa6c3c2dcb?pvs=21),2,BCS1
AA2927,f,2020/11/10,ORD,27,195,175,,DCA,1A,N118NN (https://www.notion.so/N118NN-27ed0976205d81979f2eef27cb12650f?pvs=21),-,A321
AA1172,p,2020/11/14,LAX,K15,196,176,,ORD,15A,N793AN (https://www.notion.so/N793AN-27ed0976205d81f69cc3cf4173f9a0b9?pvs=21),3,B772
AA1148,f,2020/12/12,DEN,H10,198,178,,ORD,3F,N132AN (https://www.notion.so/N132AN-27ed0976205d8116ad57dc6953c544ea?pvs=21),3,A321
AA335,p,2020/11/18,ORD,41,197,177,,LAX,15A,N758AN (https://www.notion.so/N758AN-27ed0976205d8175bf29e05d0127856d?pvs=21),4,B772
AA1194,f,2020/12/17,ORD,A48,199,179,,DEN,3A,N945NN (https://www.notion.so/N945NN-27ed0976205d81ceb97ac3802397a593?pvs=21),-,A321
AA1308,p,2020/12/27,ORD,D37,201,181,,MIA,7A,N817AN (https://www.notion.so/N817AN-27ed0976205d81bbb1d2fd2ff7751a39?pvs=21),-,B788
AA1635,p,2020/12/23,MIA,K9,200,180,,ORD,6H,N816AA (https://www.notion.so/N816AA-27ed0976205d814ab9e6fb1b0e875fca?pvs=21),3,B788
AA668,f,2021/02/12,BOS,K18,202,182,,ORD,4A,N972NN (https://www.notion.so/N972NN-27ed0976205d811bb6c0da46168e0ed2?pvs=21),3,B738
AA1271,f,2021/02/17,ORD,B7,203,183,,BOS,4A,N943NN (https://www.notion.so/N943NN-27ed0976205d8185bfd4e6d784e9530f?pvs=21),B,B738
AA1920,p,2021/03/27,PHL,K9,204,184,,ORD,8L,N872AN (https://www.notion.so/N872AN-27ed0976205d819389f2dade455e8c1b?pvs=21),3,B788
AA793,f,2021/03/30,CLT,C31,205,185,,PHL,1C,N124US (https://www.notion.so/N124US-27ed0976205d811b9704f2570059123a?pvs=21),C,A320
AA777,e,2021/03/30,ORD,B13,206,186,,CLT,11A,N519UW (https://www.notion.so/N519UW-27ed0976205d81bf9b1ce9c878c884f6?pvs=21),-,A321
AA1106,e,2021/04/24,DFW,K9,207,187,,ORD,9F,N164NN (https://www.notion.so/N164NN-27ed0976205d819e9d27d2017b98d7bf?pvs=21),3,A321
AA2881,e,2021/04/27,ORD,A36,208,188,,DFW,11F,N427AN (https://www.notion.so/N427AN-27ed0976205d8148bdffd41879d5c45c?pvs=21),A,A21N
AA1786,e,2021/05/22,MSY,K10,209,189,,ORD,11A,N124US (https://www.notion.so/N124US-27ed0976205d811b9704f2570059123a?pvs=21),3,A320
DL1510,e,2021/05/25,ATL,C4,210,190,,MSY,11A,N880DN (https://www.notion.so/N880DN-27ed0976205d814a92dff3465106a17d?pvs=21),-,B739
DL5785,e,2021/05/25,MDW,C30,211,191,,ATL,6F,N231JQ (https://www.notion.so/N231JQ-27ed0976205d817abe85f99d6bfd5abc?pvs=21),Domestic,E170
AA1579,p,2021/06/26,DFW,K5,212,192,,ORD,10C,N823AN (https://www.notion.so/N823AN-27ed0976205d81d99d24f49086c6f1de?pvs=21),3,B789
AA1294,e,2021/06/28,ORD,D4,213,193,,DFW,9A,N991NN (https://www.notion.so/N991NN-27ed0976205d8165a3c5dff66ffd033d?pvs=21),D,B738
AA363,e,2021/07/26,ORD,41,214,194,,DCA,8A,N968NN (https://www.notion.so/N968NN-27ed0976205d8148bf83cf90f4d3f46f?pvs=21),C,B738
AA1559,f,2021/09/02,LAS,H16,215,195,,ORD,4F,N834NN (https://www.notion.so/N834NN-27ed0976205d8193b4b9e85582851051?pvs=21),3,B738
UA1062,e,2021/09/06,ORD,D54,216,196,,LAS,8F,N53442 (https://www.notion.so/N53442-27ed0976205d8166ae1dd5282c87e192?pvs=21),1,B739
AA2014,e,2021/09/19,SFO,K3,217,197,,ORD,9F,N338PK (https://www.notion.so/N338PK-27ed0976205d81859bb4f7de771a70d1?pvs=21),3,B738
AA2014,e,2021/09/23,ORD,B23,218,198,,SFO,9F,N315PE (https://www.notion.so/N315PE-27ed0976205d8158a5caf59d5540379f?pvs=21),1,B738
AA569,e,2021/10/23,LAX,H18,219,199,made to switch from 9F some lady sitting in my seat,ORD,8F,N954NN (https://www.notion.so/N954NN-27ed0976205d8165a3eed2ca16a6016a?pvs=21),3,B738
AA2883,e,2021/10/26,ORD,53A,220,200,,LAX,9F,N868NN (https://www.notion.so/N868NN-27ed0976205d8122aca6e6cfdcfba5fc?pvs=21),5,B738
AA2264,f,2021/11/06,BOS,K3,221,201,,ORD,2A,N338PK (https://www.notion.so/N338PK-27ed0976205d81859bb4f7de771a70d1?pvs=21),3,B738
AA1242,e,2021/11/09,ORD,B19,222,202,,BOS,9A,N812AW (https://www.notion.so/N812AW-27ed0976205d81328629d0e547e29bcc?pvs=21),B,A319
AA1397,f,2021/11/19,PHL,H9,223,203,,ORD,4A,N916US (https://www.notion.so/N916US-27ed0976205d8135abaeef9ada3ff1b5?pvs=21),3,A321
AA2824,f,2021/11/23,ORD,B2,224,204,,PHL,3F,N878NN (https://www.notion.so/N878NN-27ed0976205d81c3b9fad39f94f97649?pvs=21),B,B738
AA86,b,2021/12/03,LHR,K13,225,205,B/E Business Seat,ORD,1L,N753AN (https://www.notion.so/N753AN-27ed0976205d819ea702ecbc45c20cb0?pvs=21),3,B772
AF1134,e,2021/12/04,BER,F29,226,206,,CDG,12F,F-GKXH (https://www.notion.so/F-GKXH-27ed0976205d812f99eadba1dd2ce42d?pvs=21),2F,A320
LX460,e,2021/12/14,LCY,D52,227,207,,ZRH,8A,HB-AZG (https://www.notion.so/HB-AZG-27ed0976205d818d90dcecf924eb44ee?pvs=21),1,E190
AA107,b,2021/12/14,JFK,B35,228,208,Traded with confused guy in 7A,LHR,6A,N729AN (https://www.notion.so/N729AN-27ed0976205d81a6b234ccdd29021692?pvs=21),5,B77W
DL5607,e,2021/12/15,ORD,C69,229,209,,JFK,5A,N203JQ (https://www.notion.so/N203JQ-27ed0976205d81f3983acba1c9703379?pvs=21),2,E170
AA3051,f,2021/12/24,BNA,K2,230,210,,ORD,3D,N748EV (https://www.notion.so/N748EV-27ed0976205d816db05dc0353ed96635?pvs=21),3,CRJ7
UA2664,e,2021/12/27,ORD,A8,231,211,,BNA,8F,N815UA (https://www.notion.so/N815UA-27ed0976205d816ba4b0d8191a046468?pvs=21),-,A319
AA2903,e,2021/12/30,DCA,H11A,232,212,,ORD,11A,N105UW (https://www.notion.so/N105UW-27ed0976205d817cbac8f2f067b25c86?pvs=21),3,A320
AA532,e,2022/01/02,ORD,34,233,213,,DCA,8A,N990NN (https://www.notion.so/N990NN-27ed0976205d81918c0af9731aebef4a?pvs=21),B,B738
AA1106,e,2022/02/26,DFW,H10,234,214,,ORD,9B,N576UW (https://www.notion.so/N576UW-27ed0976205d818180d2f1bc01fc30af?pvs=21),3,A321
AA1742,e,2022/02/26,MTY,C24,235,215,,DFW,9A,N767UW (https://www.notion.so/N767UW-27ed0976205d8174ba81c9c491acf9b8?pvs=21),C,A319
AA1742,e,2022/03/01,DFW,7,236,216,,MTY,9F,N801AW (https://www.notion.so/N801AW-27ed0976205d8114b720e014d8d12990?pvs=21),A,A319
AA1294,e,2022/03/01,ORD,C16,237,217,,DFW,9E,N163AA (https://www.notion.so/N163AA-27ed0976205d8187973ffa8f7fff14ad?pvs=21),C,A321
UA2037,e,2022/05/13,DCA,C24,238,218,,ORD,7A,N15751 (https://www.notion.so/N15751-27ed0976205d81109e0beae8ab2b3cba?pvs=21),1,B737
UA1142,e,2022/05/16,ORD,12,239,219,,DCA,8F,N897UA (https://www.notion.so/N897UA-27ed0976205d813eb67af8b6fe3c069d?pvs=21),B,A319
UA528,e,2022/05/30,SFO,C10,240,220,3 hour delay,ORD,18L,N777UA (https://www.notion.so/N777UA-27ed0976205d8123b454fb49fedc69f8?pvs=21),1,B772
UA729,e,2022/06/04,ORD,F11,241,221,,SFO,19A,N776UA (https://www.notion.so/N776UA-27ed0976205d817eb1c6c5c09e32ce26?pvs=21),3,B772
UA931,e,2022/06/08,LHR,C9,242,222,,ORD,38L,N662UA (https://www.notion.so/N662UA-27ed0976205d812c8ecad3656ed4c14b?pvs=21),1,B763
UA925,e,2022/06/18,IAD,B34,243,223,,LHR,33A,N661UA (https://www.notion.so/N661UA-27ed0976205d817a822dd3ef8600bdef?pvs=21),2,B763
UA2467,f,2022/06/18,ORD,D1,244,224,,IAD,4F,N37462 (https://www.notion.so/N37462-27ed0976205d81d38256cc9a9c007e05?pvs=21),-,B739
UA1972,e,2022/06/24,SFO,C20,245,225,,ORD,22L,N219UA (https://www.notion.so/N219UA-27ed0976205d81e1b892ed9aa07dd5f5?pvs=21),1,B772
UA5814,e,2022/07/03,SFO,C5,246,226,only economy,RNO,1D,N912SW (https://www.notion.so/N912SW-27ed0976205d81b2adbedae0347358b6?pvs=21),-,CRJ2
UA2289,e,2022/07/05,ORD,E11,247,227,,SFO,10A,N37456 (https://www.notion.so/N37456-27ed0976205d81a0a7f6fb27e861cc9e?pvs=21),3,B739
UA769,e,2022/07/23,SFO,C16,248,228,,ORD,18A,N771UA (https://www.notion.so/N771UA-27ed0976205d81b8acebdd8411f1635a?pvs=21),3,B772
UA476,e,2022/08/01,ORD,F17,249,229,,SFO,9F,N57864 (https://www.notion.so/N57864-27ed0976205d8154893cf37e6d112854?pvs=21),3,B753
UA2445,e,2022/08/13,PHX,B2,250,230,,ORD,8A,N14240 (https://www.notion.so/N14240-27ed0976205d819e9112f4058236e860?pvs=21),1,B738
AA630,e,2022/08/15,ORD,A26,251,231,,PHX,9F,N916US (https://www.notion.so/N916US-27ed0976205d8135abaeef9ada3ff1b5?pvs=21),4,A321
UA1821,e,2022/08/23,DEN,C16,252,232,"ER, GE90",ORD,20A,N781UA (https://www.notion.so/N781UA-27ed0976205d81e2bed1e14ff4b389a3?pvs=21),1,B772
UA2681,e,2022/08/23,SFO,B38,253,233,Same as connection,DEN,23A,N781UA (https://www.notion.so/N781UA-27ed0976205d81e2bed1e14ff4b389a3?pvs=21),-,B772
UA1176,f,2022/08/27,ORD,14,254,234,,SJC,4F,N37532 (https://www.notion.so/N37532-27ed0976205d818390c2d2ea518193ad?pvs=21),A,B39M
UA635,f,2022/09/03,SAN,B14,255,235,,ORD,1F,N18243 (https://www.notion.so/N18243-27ed0976205d8101addcfcf9a6402404?pvs=21),1,B738
UA2247,e,2022/09/06,SFO,42,256,236,,SAN,8F,N849UA (https://www.notion.so/N849UA-27ed0976205d81619b64e6044e7be06c?pvs=21),2,A319
UA2488,e,2022/09/10,DEN,14,257,237,,SJC,10F,N37274 (https://www.notion.so/N37274-27ed0976205d81eeb41dd09024fcead2?pvs=21),A,B738
UA1898,e,2022/09/10,ORD,B42,258,238,,DEN,21L,N774UA (https://www.notion.so/N774UA-27ed0976205d81c79761c7e751561891?pvs=21),-,B772
AC1049,e,2022/10/13,YVR,E2,259,239,,ORD,13E,C-GJVX (https://www.notion.so/C-GJVX-27ed0976205d81d5a8b5da62cb86c6d6?pvs=21),2,A321
UA1868,e,2022/10/16,ORD,E75,260,240,,YVR,10F,N424UA (https://www.notion.so/N424UA-27ed0976205d8197bf41e8b1b6c8cf42?pvs=21),-,A320
UA1433,e,2022/11/05,YYC,F16,261,241,,ORD,11F,N449UA (https://www.notion.so/N449UA-27ed0976205d818985c7d9d815db3193?pvs=21),2,A320
DL2117,e,2022/11/08,SLC,94,262,242,,YYC,11F,N327NB (https://www.notion.so/N327NB-27ed0976205d81ca892dc4b6b1def97e?pvs=21),-,A319
DL2994,e,2022/11/08,ORD,A14,263,243,,SLC,14A,N352NW (https://www.notion.so/N352NW-27ed0976205d812895eecbe579f717d7?pvs=21),-,A320
DL5602,e,2022/11/12,BOS,M2,264,244,,ORD,6A,N232JQ (https://www.notion.so/N232JQ-27ed0976205d8120857df9251a001b58?pvs=21),5,E75W
DL3528,e,2022/11/16,ORD,A7,265,245,,BOS,6D,N256SY (https://www.notion.so/N256SY-27ed0976205d81f9be7edca18ba0918b?pvs=21),A,E75W
AC8962,e,2022/11/25,YUL,E3,266,246,,ORD,13A,C-FRQM (https://www.notion.so/C-FRQM-27ed0976205d810e8999d4e27bb28f56?pvs=21),2,E75S
DL4997,e,2022/11/28,DTW,C73,267,247,,YUL,2A,N307PQ (https://www.notion.so/N307PQ-27ed0976205d81eb8f2cd91f1c073928?pvs=21),-,CRJ9
DL2566,e,2022/11/28,ORD,A25,268,248,,DTW,18E,N927AT (https://www.notion.so/N927AT-27ed0976205d81c19f44f6b74340bb04?pvs=21),McNamara,B712
UA2631,e,2022/12/05,OMA,C21,269,249,,ORD,10F,N829UA (https://www.notion.so/N829UA-27ed0976205d8110904af091497ea285?pvs=21),1,A319
UA5300,e,2022/12/08,ORD,B14,270,250,,OMA,10F,N125SY (https://www.notion.so/N125SY-27ed0976205d8114acd1e88214993713?pvs=21),-,E75W
UA2487,p,2022/12/10,LAX,C16,271,251,,ORD,21L,N29985 (https://www.notion.so/N29985-27ed0976205d8157869bc66e9c1cb6dd?pvs=21),1,B789
UA1617,e,2022/12/11,ORD,72A,272,252,,LAX,10F,N77871 (https://www.notion.so/N77871-27ed0976205d810abf4ac6ce9dfc6376?pvs=21),7,B753
LX9,e,2022/12/15,ZRH,M14,273,253,,ORD,27A,HB-JHK (https://www.notion.so/HB-JHK-27ed0976205d81fe8c5cce43bb557114?pvs=21),5,A333
LX970,e,2022/12/18,BER,A82,274,254,,ZRH,9F,HB-IJI (https://www.notion.so/HB-IJI-27ed0976205d8199a20de877de394d2d?pvs=21),-,A320
AY1434,e,2022/12/21,HEL,A34,275,255,,BER,6A,OH-LXH (https://www.notion.so/OH-LXH-27ed0976205d8162a2fffe39737ac9e9?pvs=21),1,A320
AY1305,e,2022/12/24,AMS,36A,276,256,,HEL,4A,OH-LXA (https://www.notion.so/OH-LXA-27ed0976205d81b9bb4dd0bf2c210897?pvs=21),-,A320
KL611,b,2022/12/25,ORD,F6,277,257,,AMS,1A,PH-BQG (https://www.notion.so/PH-BQG-27ed0976205d810892eee2239ba68703?pvs=21),-,B772
DL5663,e,2022/12/30,JFK,M2,278,258,,ORD,6D,N215JQ (https://www.notion.so/N215JQ-27ed0976205d8126b5a3c99616f797ea?pvs=21),5,E75W
UA1232,e,2023/01/03,ORD,C85,279,259,,EWR,8A,N35204 (https://www.notion.so/N35204-27ed0976205d81eaaffafdf808c1d48a?pvs=21),C,B738
UA2429,e,2023/02/10,BOS,C28,280,260,,ORD,9A,N68817 (https://www.notion.so/N68817-27ed0976205d8109bd41cf27a6256804?pvs=21),1,B739
UA2609,e,2023/02/13,ORD,B27,281,261,,BOS,8F,N37470 (https://www.notion.so/N37470-27ed0976205d81778090dd084fab1e5e?pvs=21),B,B739
UA2474,e,2023/02/25,DEN,C18,282,262,,ORD,21L,N215UA (https://www.notion.so/N215UA-27ed0976205d81f0afbbda3e1a72eb95?pvs=21),1,B772
UA1898,e,2023/03/02,ORD,B36,283,263,,DEN,39K,N775UA (https://www.notion.so/N775UA-27ed0976205d81e78c88fb59f40a01fd?pvs=21),-,B772
UA1687,f,2023/05/20,SAV,B20,284,264,,ORD,3F,N810UA (https://www.notion.so/N810UA-27ed0976205d8144bf08f7578591ae38?pvs=21),1,A319
UA5472,f,2023/05/23,ORD,4,285,265,,SAV,2D,N166SY (https://www.notion.so/N166SY-27ed0976205d814dbdc1c97e1b4e014b?pvs=21),-,E75W
UA764,e,2023/06/28,YYC,C24,286,266,,ORD,8F,N13227 (https://www.notion.so/N13227-27ed0976205d81f1acf8d8b995816241?pvs=21),1,B738
AC213,e,2023/06/28,YVR,C50,287,267,Very roomy max jet seating,YYC,14A,C-FSNU (https://www.notion.so/C-FSNU-27ed0976205d81679b0dd8e43300b49c?pvs=21),-,B38M
UA1279,f,2023/07/03,ORD,E76,288,268,Gate 76 for flights on July 4,YVR,5A,N47524 (https://www.notion.so/N47524-27ed0976205d81239b97f751599ca152?pvs=21),-,B39M
UA1580,e,2023/07/26,YVR,B9,289,269,,ORD,9A,N37563 (https://www.notion.so/N37563-27ed0976205d8184a32efa197a42afbc?pvs=21),1,B39M
UA1279,f,2023/08/01,ORD,E80,290,270,,YVR,2F,N452UA (https://www.notion.so/N452UA-27ed0976205d81ca8a4dc44fd81de163?pvs=21),-,A320
UA931,e,2023/08/04,LHR,C21,291,271,,ORD,32A,N675UA (https://www.notion.so/N675UA-27ed0976205d81db8440dea954d2b9a6?pvs=21),1,B763
EI387,e,2023/08/06,SNN,A22,292,272,,LHR,9D,EI-DVN (https://www.notion.so/EI-DVN-27ed0976205d81aa9e3ff7838c7c43ef?pvs=21),2,A320
UA289,e,2023/08/07,ORD,108,293,273,,SNN,7F,N17126 (https://www.notion.so/N17126-27ed0976205d8159bb2ad6f31211d9ae?pvs=21),-,B752
UA987,b,2023/08/11,CDG,C20,294,274,,ORD,5A,N27908 (https://www.notion.so/N27908-27ed0976205d813588c7c9b5d24fe314?pvs=21),1,B788
SQ335,b,2023/08/12,SIN,34A,295,275,,CDG,16D,9V-SWP (https://www.notion.so/9V-SWP-27ed0976205d81a3966cece73f5aa34b?pvs=21),1,B77W
SQ956,e,2023/08/13,CGK,E3,296,276,,SIN,45A,9V-SMH (https://www.notion.so/9V-SMH-27ed0976205d815c98e7dbac337920b7?pvs=21),2,A359
GA836,e,2023/08/14,SIN,10,297,277,,CGK,41K,PK-GPV (https://www.notion.so/PK-GPV-27ed0976205d818991a8e84e93941147?pvs=21),3,A333
NH842,b,2023/08/19,HND,D49,298,278,,SIN,7A,JA-885A (https://www.notion.so/JA-885A-27ed0976205d8141aa98ee0051eb19cc?pvs=21),1,B77W
NH12,b,2023/08/22,ORD,56,299,279,,NRT,19K,JA-791A (https://www.notion.so/JA-791A-27ed0976205d8172aa4dff94e36c68ac?pvs=21),1,B77W
UA2433,f,2023/08/25,SFO,C28,300,280,,ORD,2F,N69816 (https://www.notion.so/N69816-27ed0976205d819998d7f2d88d0a3e32?pvs=21),1,B739
UA468,e,2023/08/31,ORD,E10,301,281,,SFO,10F,N68891 (https://www.notion.so/N68891-27ed0976205d81b8bbafc2a0d5583863?pvs=21),3,B739
UA528,e,2023/09/16,SFO,C19,302,282,,ORD,11A,N57868 (https://www.notion.so/N57868-27ed0976205d81e2a6bfc205eea30f05?pvs=21),1,B753
UA1574,f,2023/09/30,DEN,6,303,283,,SJC,4F,N73251 (https://www.notion.so/N73251-27ed0976205d81d58c12fbf52bc861f1?pvs=21),A,B738
UA2329,e,2023/10/01,ORD,B42,304,284,,DEN,25L,N781UA (https://www.notion.so/N781UA-27ed0976205d81e2bed1e14ff4b389a3?pvs=21),-,B772
UA767,e,2023/10/10,DEN,B6,305,285,,ORD,9F,N66897 (https://www.notion.so/N66897-27ed0976205d81c7bf9ef75b5ce9bd32?pvs=21),1,B739
UA2239,e,2023/10/10,SFO,B27,306,286,,DEN,10A,N37541 (https://www.notion.so/N37541-27ed0976205d81bda038fdbd24bd62f5?pvs=21),-,B39M
UA1823,e,2023/11/02,DEN,G1,307,287,,SFO,32L,N29961 (https://www.notion.so/N29961-27ed0976205d814d85bdf034a3919dba?pvs=21),International,B789
UA377,e,2023/11/02,ORD,A25,308,288,,DEN,9A,N75433 (https://www.notion.so/N75433-27ed0976205d8142b3d8f2a4559d938a?pvs=21),-,B739
UA2306,e,2023/11/11,BOS,C30,309,289,,ORD,8A,N813UA (https://www.notion.so/N813UA-27ed0976205d8178bba7ff2d05075cab?pvs=21),1,A319
UA570,e,2023/11/14,EWR,B23,310,290,CLEARID,BOS,9F,N13113 (https://www.notion.so/N13113-27ed0976205d813fb706eae0e783e746?pvs=21),B,B752
UA3586,f,2023/11/14,ROC,C130,311,291,,EWR,4C,N745YX (https://www.notion.so/N745YX-27ed0976205d810fafeade68c710d9fa?pvs=21),C,E75W
UA1535,e,2023/11/16,ORD,B8,312,292,,ROC,8A,N35271 (https://www.notion.so/N35271-27ed0976205d8122a07ecc557a752e5e?pvs=21),-,B738
UA1310,e,2023/11/19,MSP,B4,313,293,,ORD,8A,N14250 (https://www.notion.so/N14250-27ed0976205d81f2a2a7f9758cb437a7?pvs=21),1,B738
UA467,f,2023/11/19,SFO,E7,314,294,CLEARID,MSP,3E,N877UA (https://www.notion.so/N877UA-27ed0976205d811b9d36f40c5397574e?pvs=21),1,A319
UA2148,e,2023/11/25,ORD,F17,315,295,,SFO,35A,N26906 (https://www.notion.so/N26906-27ed0976205d81b38a19cbc1e6a6c2b7?pvs=21),3,B788
UA1755,p,2023/11/30,SFO,C29,316,296,,ORD,21L,N29907 (https://www.notion.so/N29907-27ed0976205d8173a883f347e1a92ed8?pvs=21),1,B788
UA341,e,2023/12/18,SEA,F4,317,297,,SFO,8F,N474UA (https://www.notion.so/N474UA-27ed0976205d8127ab0cef9e729c9d62?pvs=21),3,A320
UA1240,f,2023/12/22,SFO,S7,318,298,,SEA,4A,N37547 (https://www.notion.so/N37547-27ed0976205d81ba9ddcc7718774e465?pvs=21),-,B39M
UA857,p,2023/12/22,PVG,G7,319,299,,SFO,20G,N2748U (https://www.notion.so/N2748U-27ed0976205d81c18b00d0b06d21a6c1?pvs=21),International,B77W
MU6337,e,2023/12/24,HRB,66,320,300,,SHA,32L,B-8569 (https://www.notion.so/B-8569-27ed0976205d81a7b199f83166eb1ade?pvs=21),2,A321
CZ8635,e,2023/12/27,HGH,48,321,301,,HRB,33K,B-6289 (https://www.notion.so/B-6289-27ed0976205d8197a603e84dfe49222e?pvs=21),-,A320
ZH9882,e,2023/12/29,SZX,B14,322,302,,HGH,22A,B-6360 (https://www.notion.so/B-6360-27ed0976205d8172b9b5ca69e41f0de8?pvs=21),3,A320
ZH9527,e,2023/12/31,PVG,565,323,303,,SZX,14A,B-32CF (https://www.notion.so/B-32CF-27ed0976205d81258c9fd24307c7a43d?pvs=21),3,A21N
NH976,e,2024/01/02,KIX,D64,324,304,,PVG,7K,JA-212A (https://www.notion.so/JA-212A-27ed0976205d810bbb15d082d2df2efd?pvs=21),2,A20N
NH106,e,2024/01/05,LAX,111,325,305,Star Alliance Livery,HND,20K,JA-872A (https://www.notion.so/JA-872A-27ed0976205d8181b7baed56ad522ca4?pvs=21),3,B789
UA693,p,2024/02/22,ORD,F13,327,307,,SFO,20L,N29907 (https://www.notion.so/N29907-27ed0976205d8173a883f347e1a92ed8?pvs=21),3,B788
UA2632,e,2024/01/04,SFO,70A,326,306,Star Alliance Livery,LAX,10F,N26210 (https://www.notion.so/N26210-27ed0976205d8133b51dd67516026fd1?pvs=21),7,B738
UA1484,e,2024/02/25,SFO,B16,328,308,,ORD,11A,N77430 (https://www.notion.so/N77430-27ed0976205d81929f9cffc5489bcdc6?pvs=21),1,B739
UA1092,e,2024/02/28,ORD,E3,329,309,,SFO,8F,N68891 (https://www.notion.so/N68891-27ed0976205d81b8bbafc2a0d5583863?pvs=21),3,B739
UA3,b,2024/02/28,ZRH,C19,330,310,,ORD,4L,N658UA (https://www.notion.so/N658UA-27ed0976205d81e8bca7ff3afa6d8a74?pvs=21),1,B763
LH1040,e,2024/03/10,CDG,A21,331,311,,FRA,4F,D-AIQS (https://www.notion.so/D-AIQS-27ed0976205d8178bdc1d8b5b5b84334?pvs=21),1,A320
UA984,b,2024/03/11,SFO,32,332,312,,CDG,10D,N797UA (https://www.notion.so/N797UA-27ed0976205d8152a5e6d9922b743316?pvs=21),1,B772
UA1971,f,2024/04/26,SEA,F16,333,313,,SFO,4E,N78501 (https://www.notion.so/N78501-27ed0976205d814b84bfd23baca32afd?pvs=21),3,B738
UA1637,e,2024/04/29,SFO,A12,334,314,Upgraded but to 4B so I traded with a couple,SEA,8F,N37318 (https://www.notion.so/N37318-27ed0976205d81238965d2415b825309?pvs=21),-,B38M
UA1665,e,2024/05/03,BOS,F2,335,315,,SFO,10F,N37548 (https://www.notion.so/N37548-27ed0976205d81d1ae55e5a738335896?pvs=21),3,B39M
UA1952,e,2024/05/07,DEN,B24,336,316,,BOS,10A,N27213 (https://www.notion.so/N27213-27ed0976205d8166ae03de0db5f49474?pvs=21),-,B738
UA2239,e,2024/05/07,SFO,B23,337,317,,DEN,10F,N39461 (https://www.notion.so/N39461-27ed0976205d81c895a0d72738c2dece?pvs=21),-,B739
UA1707,e,2024/05/11,PDX,E9,338,318,,SFO,8F,N17326 (https://www.notion.so/N17326-27ed0976205d81348934c9a292750986?pvs=21),3,B38M
UA2482,e,2024/05/13,SFO,E3,339,319,,PDX,10A,N87531 (https://www.notion.so/N87531-27ed0976205d8141a64bf598ff1f888d?pvs=21),-,B738
UA1702,e,2024/05/18,BUR,A4,340,320,,SFO,11A,N847UA (https://www.notion.so/N847UA-27ed0976205d8130bd88f884de0fe59f?pvs=21),3,A319
UA373,e,2024/05/20,SFO,B2,341,321,,BUR,8A,N804UA (https://www.notion.so/N804UA-27ed0976205d8194835bd30d9a257975?pvs=21),B,A319
UA1152,e,2024/06/05,ORD,F17,342,322,brand new aircraft,SFO,22F,N24513 (https://www.notion.so/N24513-27ed0976205d817c8b65db6f66b2ff83?pvs=21),3,A21N
UA519,e,2024/06/08,SFO,B9,343,323,,ORD,26F,N14509 (https://www.notion.so/N14509-27ed0976205d81e68bdad943a11a79f8?pvs=21),1,A21N
UA564,e,2024/06/12,MCO,F20,344,324,,SFO,10F,N57868 (https://www.notion.so/N57868-27ed0976205d81e2a6bfc205eea30f05?pvs=21),3,B753
UA2215,e,2024/06/17,IAH,H14,345,325,,MIA,10F,N24202 (https://www.notion.so/N24202-27ed0976205d81ec9d70f7e20584d6b1?pvs=21),-,B738
UA211,f,2024/07/02,IAH,F11,347,327,,SFO,5F,N36447 (https://www.notion.so/N36447-27ed0976205d819ba1c8fd15aaf0bd94?pvs=21),3,B739
UA2313,e,2024/06/17,SFO,C6,346,326,,IAH,9F,N67501 (https://www.notion.so/N67501-27ed0976205d81a0a002c6ced190341d?pvs=21),C,B39M
UA1028,f,2024/07/03,MEX,C36,348,328,,IAH,2F,N874UA (https://www.notion.so/N874UA-27ed0976205d816987b4e493ab3dae66?pvs=21),C,A319
UA1272,e,2024/07/07,SFO,36,349,329,,MEX,8A,N488UA (https://www.notion.so/N488UA-27ed0976205d81fdba2de9cee1fd6989?pvs=21),1,A320
UA1139,e,2024/07/27,ORD,D14,350,330,,SFO,9A,N14512 (https://www.notion.so/N14512-27ed0976205d81ffbd7ac7ab845fbe1b?pvs=21),2,A21N
UA771,e,2024/07/30,LAX,C21,351,331,,ORD,10A,N57863 (https://www.notion.so/N57863-27ed0976205d8197a05ddea34dd8eba8?pvs=21),1,B753
UA1597,f,2024/07/30,SFO,81,352,332,,LAX,2A,N17321 (https://www.notion.so/N17321-27ed0976205d81e59531d331dd5daed6?pvs=21),8,B38M
UA2410,e,2024/08/09,SEA,D10,353,333,Upgrade offer to 2E,SFO,9F,N68817 (https://www.notion.so/N68817-27ed0976205d8109bd41cf27a6256804?pvs=21),2,B739
UA337,e,2024/08/12,SFO,A13,354,334,,SEA,10F,N12238 (https://www.notion.so/N12238-27ed0976205d8174aecdcec689edc10e?pvs=21),-,B738
UA2423,f,2024/08/26,SFO,E76,356,336,,YVR,4A,N17322 (https://www.notion.so/N17322-27ed0976205d8168941ed8f475aed775?pvs=21),-,B38M
UA784,e,2024/08/24,YVR,D8,355,335,,SFO,8F,N27252 (https://www.notion.so/N27252-27ed0976205d815fbbcfdafa15038310?pvs=21),2,B38M
UA1563,e,2024/09/19,BOS,D15,357,337,,SFO,11F,N68834 (https://www.notion.so/N68834-27ed0976205d816694ddd0c5346e7e75?pvs=21),2,B739
UA570,e,2024/09/20,EWR,B31,358,338,,BOS,10A,N38417 (https://www.notion.so/N38417-27ed0976205d81c9b265e00a7f698965?pvs=21),B,B739
UA904,e,2024/09/20,LHR,C128,359,339,,EWR,33A,N657UA (https://www.notion.so/N657UA-27ed0976205d8135b55ada99569d1ad1?pvs=21),C,B763
VY8749,e,2024/09/23,BCN,53,360,340,,MAN,6F,EC-MMU (https://www.notion.so/EC-MMU-27ed0976205d81199138c6edea0eafe8?pvs=21),3,A321
A3711,e,2024/09/24,ATH,B48,361,341,,BCN,19A,SX-NAL (https://www.notion.so/SX-NAL-27ed0976205d816db338cd5d34e91da9?pvs=21),1,A21N
A3962,e,2024/09/24,OTP,B13,362,342,,ATH,5F,SX-DGB (https://www.notion.so/SX-DGB-27ed0976205d810ea8adfc1ab9cf54cc?pvs=21),B,A320
LO640,e,2024/09/28,WAW,28,363,343,Retro livery,OTP,4D,SP-LIM (https://www.notion.so/SP-LIM-27ed0976205d817a87f0cc78a05b398e?pvs=21),-,E75S
LO263,e,2024/09/28,AMS,44,364,344,,WAW,4D,SP-LMD (https://www.notion.so/SP-LMD-27ed0976205d8108bc25dd8c7cd69e6e?pvs=21),-,E190
LH993,e,2024/09/29,FRA,B27,365,345,,AMS,14F,D-AIBB (https://www.notion.so/D-AIBB-27ed0976205d8156a687cfa63461f324?pvs=21),-,A319
UA927,e,2024/09/29,SFO,Z22,366,346,,FRA,23L,N2136U (https://www.notion.so/N2136U-27ed0976205d81708edcffc6a4ac1454?pvs=21),1,B77W
UA2460,e,2024/10/02,EWR,F14,367,347,,SFO,11A,N14118 (https://www.notion.so/N14118-27ed0976205d8167a2c7cb880989d8f8?pvs=21),3,B752
UA2494,e,2024/10/06,IAD,C83,368,348,this is a second airplane after the first was defective: B752/N33132/e/12A/C/C95,EWR,11F,N14120 (https://www.notion.so/N14120-27ed0976205d8171980adc4b0a5db82a?pvs=21),C,B752
UA1106,f,2024/10/07,SFO,D11,369,349,,IAD,1F,N17566 (https://www.notion.so/N17566-27ed0976205d81149904ee2903489d8b?pvs=21),-,B39M
UA488,e,2024/10/19,IAH,F14,370,350,,SFO,8F,N57852 (https://www.notion.so/N57852-27ed0976205d818193b0c030c4cde38f?pvs=21),3,B753
UA62,e,2024/10/19,GRU,C7,371,351,,IAH,31L,N29985 (https://www.notion.so/N29985-27ed0976205d8157869bc66e9c1cb6dd?pvs=21),C,B789
LA3922,e,2024/10/24,SDU,5,372,352,,CGH,12A,PT-TME (https://www.notion.so/PT-TME-27ed0976205d81c4868fc11a2fd6471f?pvs=21),1,A319
LA3795,e,2024/10/26,BSB,B25,373,353,,GIG,11F,PR-XBR (https://www.notion.so/PR-XBR-27ed0976205d818f973cfa558dcaa735?pvs=21),2,A320
G32097,e,2024/10/27,GRU,5,374,354,,BSB,24F,PR-GXX (https://www.notion.so/PR-GXX-27ed0976205d81f0bafbfa9bca0ae023?pvs=21),-,B738
UA844,b,2024/10/27,ORD,313,375,355,,GRU,8F,N13018 (https://www.notion.so/N13018-27ed0976205d8196a4a1f491441edd2a?pvs=21),3,B78X
UA1387,p,2024/10/28,SFO,C18,376,356,,ORD,22E,N27908 (https://www.notion.so/N27908-27ed0976205d813588c7c9b5d24fe314?pvs=21),1,B788
UA476,e,2024/11/08,ORD,F19,377,357,,SFO,18L,N210UA (https://www.notion.so/N210UA-27ed0976205d816091a2ed70a055f6c4?pvs=21),3,B772
UA1958,e,2024/11/11,DEN,C23,378,358,,ORD,10A,N75861 (https://www.notion.so/N75861-27ed0976205d8105bf46d69e1879d1ec?pvs=21),1,B753
UA2190,e,2024/11/11,SFO,B41,379,359,,DEN,9F,N24513 (https://www.notion.so/N24513-27ed0976205d817c8b65db6f66b2ff83?pvs=21),-,A21N
UA649,b,2024/11/28,EWR,F11,380,360,,SFO,4L,N19986 (https://www.notion.so/N19986-27ed0976205d817ebc3dd4a06a53298a?pvs=21),3,B789
UA1992,e,2024/12/02,SFO,C4,381,361,,IAD,10A,N77578 (https://www.notion.so/N77578-27ed0976205d81cb9973c2521f7c5a22?pvs=21),-,B39M
UA476,e,2024/12/06,ORD,F15,382,362,,SFO,22L,N778UA (https://www.notion.so/N778UA-27ed0976205d813ab949e73e3205fb05?pvs=21),3,B772
UA210,e,2024/12/09,SFO,C18,383,363,,ORD,20L,N222UA (https://www.notion.so/N222UA-27ed0976205d812fb84adcadfea85f52?pvs=21),1,B772
UA505,e,2024/12/11,IAH,F15,384,364,,SFO,24L,N222UA (https://www.notion.so/N222UA-27ed0976205d812fb84adcadfea85f52?pvs=21),3,B772
UA411,e,2024/12/12,ORD,C35,385,365,,IAH,9F,N67812 (https://www.notion.so/N67812-27ed0976205d81d6852edac44f10d748?pvs=21),C,B739
UA953,b,2024/12/12,MUC,C29,386,366,,ORD,9D,N14019 (https://www.notion.so/N14019-27ed0976205d8116a537e2e6b382a63b?pvs=21),1,B78X
LH1652,e,2024/12/13,OTP,K16,387,367,,MUC,10F,D-AIRT (https://www.notion.so/D-AIRT-27ed0976205d819daca1f516d0d8acd4?pvs=21),2,A321
LX1887,e,2024/12/16,ZRH,14,388,368,,OTP,6A,HB-JCK (https://www.notion.so/HB-JCK-27ed0976205d8117ab27efd0a506e2a0?pvs=21),-,BCS3
LX38,b,2024/12/16,SFO,E22,389,369,,ZRH,14A,HB-JNG (https://www.notion.so/HB-JNG-27ed0976205d81d09208f0a43b19b691?pvs=21),-,B77W
UA35,b,2024/12/20,KIX,G2,390,370,,SFO,15A,N782UA (https://www.notion.so/N782UA-27ed0976205d817c99edfc819fcd058b?pvs=21),International,B772
ZH9089,e,2025/01/06,MFM,1,392,372,,NKG,20K,B-5618 (https://www.notion.so/B-5618-27ed0976205d8107ab4deb400d09a8d1?pvs=21),2,B738
HO1612,e,2025/01/01,NKG,37,391,371,,KIX,44A,B-323D (https://www.notion.so/B-323D-27ed0976205d8119a214ff5e3c63049f?pvs=21),1,A20N
UA878,b,2025/01/08,SFO,67,393,373,,HKG,1A,N2135U (https://www.notion.so/N2135U-27ed0976205d810c83b2e7d784c80c95?pvs=21),1,B77W
UA1665,e,2025/02/07,BOS,E10,394,374,,SFO,9A,N13138 (https://www.notion.so/N13138-27ed0976205d813eabf8ef9e1a79aa98?pvs=21),3,B752
UA2400,e,2025/02/10,SFO,B24,395,375,,BOS,10A,N14115 (https://www.notion.so/N14115-27ed0976205d81ce9199c0f9e3b3c111?pvs=21),B,B752
UA2207,e,2025/02/15,ORD,D9,396,376,,SFO,26F,N14515 (https://www.notion.so/N14515-27ed0976205d814b9caffb96a0b2bf7d?pvs=21),2,A21N
UA2364,e,2025/02/19,SFO,C16,397,377,,ORD,20A,N214UA (https://www.notion.so/N214UA-27ed0976205d81aa9cfbdc12c0625e34?pvs=21),1,B772
UA2409,e,2025/02/26,BUR,D14,398,378,,SFO,8F,N27252 (https://www.notion.so/N27252-27ed0976205d815fbbcfdafa15038310?pvs=21),2,B38M
NH105,p,2025/02/28,HND,155,399,379,,LAX,15A,JA-806A (https://www.notion.so/JA-806A-27ed0976205d81079d32e06d7dade6dd?pvs=21),International,B788
NH775,e,2025/03/03,CTS,12,400,380,,ITM,20A,JA-71AN (https://www.notion.so/JA-71AN-27ed0976205d817786f9d08cbe824e65?pvs=21),-,B738
HD28,e,2025/03/08,HND,6,401,381,,CTS,3F,JA-14AN (https://www.notion.so/JA-14AN-27ed0976205d81779563fc5227fe3ac9?pvs=21),-,B737
UA838,b,2025/03/09,SFO,31,402,382,,NRT,9G,N2331U (https://www.notion.so/N2331U-27ed0976205d81b1b026e99d6fda5b2d?pvs=21),1,B77W
UA5559,e,2025/03/15,SEA,E2,403,383,,SFO,8D,N162SY (https://www.notion.so/N162SY-27ed0976205d819e86fbc76c2c493a76?pvs=21),3,E75L
UA737,e,2025/03/17,SFO,A8,404,384,,SEA,8A,N454UA (https://www.notion.so/N454UA-27ed0976205d8168a1cdcd32a3924bbf?pvs=21),-,A320
UA324,e,2025/04/12,LAX,D9,405,385,,SFO,12F,N438UA (https://www.notion.so/N438UA-27ed0976205d8131a32bee626ebab38f?pvs=21),2,A320
UA576,e,2025/04/14,SFO,70B,406,386,,LAX,8F,N426UA (https://www.notion.so/N426UA-27ed0976205d8145bda5cd7bbd62675e?pvs=21),7,A320
UA549,e,2025/04/24,EWR,F21,407,387,,SFO,10A,N17104 (https://www.notion.so/N17104-27ed0976205d8149b082f4befc3817b9?pvs=21),3,B752
UA940,b,2025/04/25,LHR,C126,408,388,,EWR,17L,N672UA (https://www.notion.so/N672UA-27ed0976205d81ce9490efcad8e745a5?pvs=21),C,B763
BA886,e,2025/04/28,OTP,24B,409,389,,LHR,13A,G-EUUK (https://www.notion.so/G-EUUK-27ed0976205d8179a142c675fc69f952?pvs=21),3,A320
TK1040,e,2025/05/02,IST,9,410,390,,OTP,25A,TC-JNZ (https://www.notion.so/TC-JNZ-27ed0976205d815b933ae3feb6c43d15?pvs=21),-,A333
TK1997,e,2025/05/03,LGW,B7A,411,391,,IST,5A,TC-JTO (https://www.notion.so/TC-JTO-27ed0976205d81cfb738fd570d1b4895?pvs=21),-,A320
U28684,e,2025/05/03,AMS,112,412,392,,LGW,3F,G-EZWP (https://www.notion.so/G-EZWP-27ed0976205d81498393f1e33527ec41?pvs=21),North,A320
UA969,b,2025/05/04,SFO,G7,413,393,,AMS,5L,N787UA (https://www.notion.so/N787UA-27ed0976205d81a6ae7cd58a786fe332?pvs=21),3,B772
UA1175,p,2025/05/08,HNL,G5,414,394,,SFO,20L,N2748U (https://www.notion.so/N2748U-27ed0976205d81c18b00d0b06d21a6c1?pvs=21),International,B77W
HA298,e,2025/05/10,KOA,B1,415,395,,HNL,21F,N494HA (https://www.notion.so/N494HA-27ed0976205d814c8a23df23fd7aafcf?pvs=21),1,B712
UA1724,e,2025/05/12,SFO,1,416,396,,KOA,8A,N17326 (https://www.notion.so/N17326-27ed0976205d81348934c9a292750986?pvs=21),1,B38M
UA546,e,2025/05/16,DEN,D14,417,397,,SFO,8F,N24513 (https://www.notion.so/N24513-27ed0976205d817c8b65db6f66b2ff83?pvs=21),2,A21N
UA377,f,2025/05/16,ORD,B37,418,398,,DEN,1A,N57857 (https://www.notion.so/N57857-27ed0976205d819fa559f21a306ef76c?pvs=21),-,B753
UA1324,e,2025/05/19,SFO,C22,419,399,,ORD,8F,N77572 (https://www.notion.so/N77572-27ed0976205d81b2a266d885979743ea?pvs=21),1,B39M
UA448,e,2025/06/05,ONT,D14,420,400,Upgraded but switched with May to 3B,SFO,8A,N441UA (https://www.notion.so/N441UA-27ed0976205d81b5b04fcdcc2340c9fe?pvs=21),2,A320
UA2372,e,2025/06/06,EWR,74,421,401,,LAX,21L,N773UA (https://www.notion.so/N773UA-27ed0976205d81d3a1b1ce6f9ce04f66?pvs=21),7,B772
UA16,b,2025/06/07,LHR,112,422,402,,EWR,15A,N686UA (https://www.notion.so/N686UA-27ed0976205d81afaa92e2b34f71e8fc?pvs=21),C,B763
BA884,e,2025/06/10,OTP,28,423,403,,LHR,28A,G-EUYI (https://www.notion.so/G-EUYI-27ed0976205d818b9a1bdd6f9131f927?pvs=21),3,A320
RO383,e,2025/06/13,CDG,12,424,404,,OTP,6A,YR-BGL (https://www.notion.so/YR-BGL-27ed0976205d81e694e6c424d8f08c39?pvs=21),-,B738
KL611,b,2025/06/16,ORD,D4,425,405,,AMS,4A,PH-BKI (https://www.notion.so/PH-BKI-27ed0976205d8122af53f5b67f558c22?pvs=21),2,B78X
UA1863,e,2025/06/16,SFO,B6,426,406,,ORD,8F,N14507 (https://www.notion.so/N14507-27ed0976205d8121b205e748f9b3ecab?pvs=21),1,A21N
UA2019,e,2025/06/25,SEA,F20,427,407,,SFO,12A,N17254 (https://www.notion.so/N17254-27ed0976205d811b856cf02f431d4129?pvs=21),3,B38M
UA1293,f,2025/06/30,DEN,2,428,408,,FCA,2A,N487UA (https://www.notion.so/N487UA-27ed0976205d8110b253e29800699da8?pvs=21),-,A320
UA746,f,2025/06/30,SFO,B26,429,409,,DEN,4F,N44522 (https://www.notion.so/N44522-27ed0976205d819ba97ec36f0f092af3?pvs=21),B,A21N
UA1768,e,2025/07/19,SBA,E12,430,410,,SFO,14A,N34282 (https://www.notion.so/N34282-27ed0976205d81a6b264c09ac171ee42?pvs=21),3,B738
UA2097,f,2025/07/20,SFO,3,431,411,,SBA,3F,N881UA (https://www.notion.so/N881UA-27ed0976205d813483eaf36e781e7ba3?pvs=21),-,A319
UA587,e,2025/08/09,ORD,F22,432,412,,SFO,9F,N57862 (https://www.notion.so/N57862-27ed0976205d8168aa5fee7b8ddd90f9?pvs=21),3,B753
UA2179,f,2025/08/12,SFO,B7,433,413,,ORD,5F,N75858 (https://www.notion.so/N75858-27ed0976205d8196940dd8602733d6c4?pvs=21),1,B753
UA926,b,2025/09/03,FRA,G2,434,414,,SFO,11A,N209UA (https://www.notion.so/N209UA-27ed0976205d81c48fcefb68defcbacb?pvs=21),International,B772
LH104,e,2025/09/07,MUC,A15,435,415,,FRA,20A,D-AIWI (https://www.notion.so/D-AIWI-27ed0976205d8158b0edf575316650d0?pvs=21),1,A320
LH1670,e,2025/09/07,CLJ,G40,436,416,,MUC,25C,D-AIUO (https://www.notion.so/D-AIUO-27ed0976205d813aad0fc9eeb5cbb2b6?pvs=21),2,A320
LX1881,e,2025/09/11,ZRH,A1,437,417,,CLJ,6F,HB-AZE (https://www.notion.so/HB-AZE-27ed0976205d81139123e5177879ffdd?pvs=21),-,E290
LX734,e,2025/09/11,AMS,A54,438,418,,ZRH,9A,HB-AZI (https://www.notion.so/HB-AZI-27ed0976205d818eb644cf4dafce531b?pvs=21),1,E295
KL681,b,2025/09/12,YVR,F9,439,419,Fell asleep and given random house (68),AMS,3K,PH-BVG (https://www.notion.so/PH-BVG-27ed0976205d812f88a3f2d3d784bf23?pvs=21),2,B77W
UA2064,e,2025/09/12,SFO,E75,440,420,Switched from the following flight 2 hours later. Assigned 12D but have whole row.  The gate agent was such a homie because the flight was almost done boarding when I got there.,YVR,12F,N47332 (https://www.notion.so/N47332-27ed0976205d81efa205e8323315c710?pvs=21),-,B38M
UA587,e,2025/09/20,ORD,E11,441,421,,SFO,11F,N17599 (https://www.notion.so/N17599-27ed0976205d819abc17c0a47f96ae91?pvs=21),3,B39M
UA1084,e,2025/09/22,SFO,C3,442,422,,ORD,22A,N44522 (https://www.notion.so/N44522-27ed0976205d819ba97ec36f0f092af3?pvs=21),1,A21N
UA945,e,2006/12/16,DEN,B5,3,-17,,ORD,,*B752 (https://www.notion.so/B752-27ed0976205d806c9b55e825c80f0bf5?pvs=21),1,B752
UA1112,e,2006/12/22,ORD,B28,4,-16,,DEN,,*B752 (https://www.notion.so/B752-27ed0976205d806c9b55e825c80f0bf5?pvs=21),-,B752
CO32,e,2009/01/05,IAH,,9,-11,,DEN,,*B753 (https://www.notion.so/B753-27fd0976205d801a8ea3e58086289233?pvs=21),,B753
CO246,e,2009/01/05,ORD,,10,-10,Continental!,IAH,,*B733 (https://www.notion.so/B733-27fd0976205d8094b99fd7631c1634a4?pvs=21),,B733
WN453,e,2009/10/04,MDW,E5,15,-5,,PHL,,*B733 (https://www.notion.so/B733-27fd0976205d8094b99fd7631c1634a4?pvs=21),E,B733
WN2136,e,2009/10/06,PHL,B11,16,-4,,MDW,,*B737 (https://www.notion.so/B737-27fd0976205d80d1a02aefb5f1c0dbcf?pvs=21),-,B737
WN3581,e,2009/10/26,MDW,E3,17,-3,,PHL,,*B737 (https://www.notion.so/B737-27fd0976205d80d1a02aefb5f1c0dbcf?pvs=21),E,B737
WN2136,e,2009/10/27,PHL,B11,18,-2,,MDW,,*B737 (https://www.notion.so/B737-27fd0976205d80d1a02aefb5f1c0dbcf?pvs=21),-,B737
B6921,e,2010/10/10,ORD,C30,20,0,,BOS,,*E190 (https://www.notion.so/E190-27fd0976205d80b6a86bcaeb9a114d32?pvs=21),C,E190
AA2098,e,2010/10/06,BOS,H8,19,-1,,ORD,,*B738 (https://www.notion.so/B738-27ed0976205d807595c5e2b719aad40c?pvs=21),3,B738
LX9,e,2004/02/22,ZRH,,2,-18,,ORD,,*Unknown (https://www.notion.so/Unknown-280d0976205d809ba8a8c3e9223addd4?pvs=21),,*UFO
LX8,e,2004/02/14,ORD,,1,-19,,ZRH,,*Unknown (https://www.notion.so/Unknown-280d0976205d809ba8a8c3e9223addd4?pvs=21),,*UFO
KL612,e,2007/07/10,AMS,,5,-15,,ORD,27K,*B744 (https://www.notion.so/B744-280d0976205d8016ab40dc2002e51990?pvs=21),5,B744
KL1389,e,2007/07/11,OTP,,6,-14,,AMS,,*Unknown (https://www.notion.so/Unknown-280d0976205d809ba8a8c3e9223addd4?pvs=21),,*UFO
KL1358,e,2007/08/08,AMS,,7,-13,,OTP,,*Unknown (https://www.notion.so/Unknown-280d0976205d809ba8a8c3e9223addd4?pvs=21),,*UFO
KL611,e,2007/08/08,ORD,,8,-12,,AMS,26A,*B744 (https://www.notion.so/B744-280d0976205d8016ab40dc2002e51990?pvs=21),,B744
AZ629,e,2009/03/14,FCO,,11,-9,,ORD,20A,*Unknown (https://www.notion.so/Unknown-280d0976205d809ba8a8c3e9223addd4?pvs=21),,*UFO
AZ628,e,2009/03/28,ORD,,12,-8,,FCO,20A,*Unknown (https://www.notion.so/Unknown-280d0976205d809ba8a8c3e9223addd4?pvs=21),,*UFO
US1266,e,2009/07/19,PHL,,13,-7,,ORD,8B,*Unknown (https://www.notion.so/Unknown-280d0976205d809ba8a8c3e9223addd4?pvs=21),,*UFO
US958,e,2009/07/21,ORD,,14,-6,,PHL,21C,*Unknown (https://www.notion.so/Unknown-280d0976205d809ba8a8c3e9223addd4?pvs=21),,*UFO